-- MySQL dump 10.13  Distrib 8.0.20, for Win64 (x86_64)
--
-- Host: localhost    Database: xtown
-- ------------------------------------------------------
-- Server version	8.0.20

/*!40101 SET @OLD_CHARACTER_SET_CLIENT=@@CHARACTER_SET_CLIENT */;
/*!40101 SET @OLD_CHARACTER_SET_RESULTS=@@CHARACTER_SET_RESULTS */;
/*!40101 SET @OLD_COLLATION_CONNECTION=@@COLLATION_CONNECTION */;
/*!50503 SET NAMES utf8mb4 */;
/*!40103 SET @OLD_TIME_ZONE=@@TIME_ZONE */;
/*!40103 SET TIME_ZONE='+00:00' */;
/*!40014 SET @OLD_UNIQUE_CHECKS=@@UNIQUE_CHECKS, UNIQUE_CHECKS=0 */;
/*!40014 SET @OLD_FOREIGN_KEY_CHECKS=@@FOREIGN_KEY_CHECKS, FOREIGN_KEY_CHECKS=0 */;
/*!40101 SET @OLD_SQL_MODE=@@SQL_MODE, SQL_MODE='NO_AUTO_VALUE_ON_ZERO' */;
/*!40111 SET @OLD_SQL_NOTES=@@SQL_NOTES, SQL_NOTES=0 */;

--
-- Table structure for table `bookmark`
--

DROP TABLE IF EXISTS `bookmark`;
/*!40101 SET @saved_cs_client     = @@character_set_client */;
/*!50503 SET character_set_client = utf8mb4 */;
CREATE TABLE `bookmark` (
  `id` int NOT NULL AUTO_INCREMENT,
  `userID` int NOT NULL,
  `providerID` int NOT NULL,
  PRIMARY KEY (`id`),
  KEY `userID` (`userID`),
  KEY `providerID` (`providerID`),
  CONSTRAINT `bookmark_ibfk_1` FOREIGN KEY (`userID`) REFERENCES `user` (`id`),
  CONSTRAINT `bookmark_ibfk_2` FOREIGN KEY (`providerID`) REFERENCES `user` (`id`)
) ENGINE=InnoDB DEFAULT CHARSET=utf8;
/*!40101 SET character_set_client = @saved_cs_client */;

--
-- Dumping data for table `bookmark`
--

LOCK TABLES `bookmark` WRITE;
/*!40000 ALTER TABLE `bookmark` DISABLE KEYS */;
/*!40000 ALTER TABLE `bookmark` ENABLE KEYS */;
UNLOCK TABLES;

--
-- Table structure for table `cart`
--

DROP TABLE IF EXISTS `cart`;
/*!40101 SET @saved_cs_client     = @@character_set_client */;
/*!50503 SET character_set_client = utf8mb4 */;
CREATE TABLE `cart` (
  `id` int NOT NULL AUTO_INCREMENT,
  `userID` int NOT NULL,
  `productID` int NOT NULL,
  `sold` tinyint(1) NOT NULL,
  PRIMARY KEY (`id`),
  KEY `userID` (`userID`),
  KEY `productID` (`productID`),
  CONSTRAINT `cart_ibfk_1` FOREIGN KEY (`userID`) REFERENCES `user` (`id`),
  CONSTRAINT `cart_ibfk_2` FOREIGN KEY (`productID`) REFERENCES `product` (`id`)
) ENGINE=InnoDB DEFAULT CHARSET=utf8 COLLATE=utf8_bin;
/*!40101 SET character_set_client = @saved_cs_client */;

--
-- Dumping data for table `cart`
--

LOCK TABLES `cart` WRITE;
/*!40000 ALTER TABLE `cart` DISABLE KEYS */;
/*!40000 ALTER TABLE `cart` ENABLE KEYS */;
UNLOCK TABLES;

--
-- Table structure for table `category`
--

DROP TABLE IF EXISTS `category`;
/*!40101 SET @saved_cs_client     = @@character_set_client */;
/*!50503 SET character_set_client = utf8mb4 */;
CREATE TABLE `category` (
  `id` int NOT NULL AUTO_INCREMENT,
  `category` varchar(11) CHARACTER SET utf8 COLLATE utf8_swedish_ci NOT NULL,
  PRIMARY KEY (`id`)
) ENGINE=InnoDB AUTO_INCREMENT=5 DEFAULT CHARSET=utf8 COLLATE=utf8_bin;
/*!40101 SET character_set_client = @saved_cs_client */;

--
-- Dumping data for table `category`
--

LOCK TABLES `category` WRITE;
/*!40000 ALTER TABLE `category` DISABLE KEYS */;
INSERT INTO `category` VALUES (1,'phones'),(3,'restaurant'),(4,'FMCGs');
/*!40000 ALTER TABLE `category` ENABLE KEYS */;
UNLOCK TABLES;

--
-- Table structure for table `comment`
--

DROP TABLE IF EXISTS `comment`;
/*!40101 SET @saved_cs_client     = @@character_set_client */;
/*!50503 SET character_set_client = utf8mb4 */;
CREATE TABLE `comment` (
  `id` int NOT NULL AUTO_INCREMENT,
  `userID` int NOT NULL,
  `postID` int NOT NULL,
  `text` varchar(3000) CHARACTER SET latin1 COLLATE latin1_swedish_ci NOT NULL,
  `date` varchar(50) NOT NULL,
  PRIMARY KEY (`id`),
  KEY `userID` (`userID`),
  KEY `postID` (`postID`),
  CONSTRAINT `comment_ibfk_1` FOREIGN KEY (`userID`) REFERENCES `user` (`id`),
  CONSTRAINT `comment_ibfk_2` FOREIGN KEY (`postID`) REFERENCES `post` (`id`)
) ENGINE=InnoDB DEFAULT CHARSET=utf8 COLLATE=utf8_bin;
/*!40101 SET character_set_client = @saved_cs_client */;

--
-- Dumping data for table `comment`
--

LOCK TABLES `comment` WRITE;
/*!40000 ALTER TABLE `comment` DISABLE KEYS */;
/*!40000 ALTER TABLE `comment` ENABLE KEYS */;
UNLOCK TABLES;

--
-- Table structure for table `gallery`
--

DROP TABLE IF EXISTS `gallery`;
/*!40101 SET @saved_cs_client     = @@character_set_client */;
/*!50503 SET character_set_client = utf8mb4 */;
CREATE TABLE `gallery` (
  `id` int NOT NULL AUTO_INCREMENT,
  `userID` int NOT NULL,
  `image` varchar(200) NOT NULL,
  PRIMARY KEY (`id`),
  KEY `userID` (`userID`),
  CONSTRAINT `gallery_ibfk_1` FOREIGN KEY (`userID`) REFERENCES `user` (`id`)
) ENGINE=InnoDB DEFAULT CHARSET=utf8;
/*!40101 SET character_set_client = @saved_cs_client */;

--
-- Dumping data for table `gallery`
--

LOCK TABLES `gallery` WRITE;
/*!40000 ALTER TABLE `gallery` DISABLE KEYS */;
/*!40000 ALTER TABLE `gallery` ENABLE KEYS */;
UNLOCK TABLES;

--
-- Table structure for table `post`
--

DROP TABLE IF EXISTS `post`;
/*!40101 SET @saved_cs_client     = @@character_set_client */;
/*!50503 SET character_set_client = utf8mb4 */;
CREATE TABLE `post` (
  `id` int NOT NULL AUTO_INCREMENT,
  `userID` int NOT NULL,
  `date` varchar(50) NOT NULL,
  `text` varchar(3000) CHARACTER SET utf8 COLLATE utf8_swedish_ci NOT NULL,
  `image` varchar(200) CHARACTER SET utf8 COLLATE utf8_swedish_ci NOT NULL,
  PRIMARY KEY (`id`),
  KEY `userID` (`userID`),
  CONSTRAINT `post_ibfk_1` FOREIGN KEY (`userID`) REFERENCES `user` (`id`)
) ENGINE=InnoDB DEFAULT CHARSET=utf8 COLLATE=utf8_bin;
/*!40101 SET character_set_client = @saved_cs_client */;

--
-- Dumping data for table `post`
--

LOCK TABLES `post` WRITE;
/*!40000 ALTER TABLE `post` DISABLE KEYS */;
/*!40000 ALTER TABLE `post` ENABLE KEYS */;
UNLOCK TABLES;

--
-- Table structure for table `likes`
--

DROP TABLE IF EXISTS `likes`;
/*!40101 SET @saved_cs_client     = @@character_set_client */;
/*!50503 SET character_set_client = utf8mb4 */;
CREATE TABLE `likes` (
  `id` int NOT NULL AUTO_INCREMENT,
  `userID` int NOT NULL,
  `postID` int NOT NULL,
  PRIMARY KEY (`id`),
  KEY `userID` (`userID`),
  KEY `postID` (`postID`),
  CONSTRAINT `likes_ibfk_1` FOREIGN KEY (`userID`) REFERENCES `user` (`id`),
  CONSTRAINT `likes_ibfk_2` FOREIGN KEY (`postID`) REFERENCES `post` (`id`)
) ENGINE=InnoDB DEFAULT CHARSET=utf8 COLLATE=utf8_bin;

--
-- Table structure for table `product`
--

DROP TABLE IF EXISTS `product`;
/*!40101 SET @saved_cs_client     = @@character_set_client */;
/*!50503 SET character_set_client = utf8mb4 */;
CREATE TABLE `product` (
  `id` int NOT NULL AUTO_INCREMENT,
  `name` varchar(50) CHARACTER SET utf8 COLLATE utf8_swedish_ci NOT NULL,
  `category` varchar(50) CHARACTER SET utf8 COLLATE utf8_swedish_ci NOT NULL,
  `price` int NOT NULL,
  `userID` int NOT NULL,
  `rating` varchar(5) default 0,
  `quantity` int default 0,
  `pic` varchar(3000) default NULL,
  PRIMARY KEY (`id`),
  KEY `userID` (`userID`),
  CONSTRAINT `product_ibfk_1` FOREIGN KEY (`userID`) REFERENCES `user` (`id`)
) ENGINE=InnoDB DEFAULT CHARSET=utf8 COLLATE=utf8_bin;
/*!40101 SET character_set_client = @saved_cs_client */;

--
-- Dumping data for table `product`
--

LOCK TABLES `product` WRITE;
/*!40000 ALTER TABLE `product` DISABLE KEYS */;
/*!40000 ALTER TABLE `product` ENABLE KEYS */;
UNLOCK TABLES;


--
-- Table structure for table `review`
--

DROP TABLE IF EXISTS `review`;
/*!40101 SET @saved_cs_client     = @@character_set_client */;
/*!50503 SET character_set_client = utf8mb4 */;
CREATE TABLE `review` (
  `id` int NOT NULL AUTO_INCREMENT,
  `userID` int NOT NULL,
  `providerID` int NOT NULL,
  `text` varchar(500) NOT NULL,
  `rating` varchar(5) NOT NULL,
  `pic` varchar(3000) default null,
  `date` varchar(50) NOT NULL,
  PRIMARY KEY (`id`),
  KEY `userID` (`userID`),
  KEY `providerID` (`providerID`),
  CONSTRAINT `review_ibfk_1` FOREIGN KEY (`userID`) REFERENCES `user` (`id`),
  CONSTRAINT `review_ibfk_2` FOREIGN KEY (`providerID`) REFERENCES `user` (`id`)
) ENGINE=InnoDB AUTO_INCREMENT=4 DEFAULT CHARSET=utf8;
/*!40101 SET character_set_client = @saved_cs_client */;

--
-- Dumping data for table `review`
--

--
-- Table structure for table `roles`
--

DROP TABLE IF EXISTS `roles`;
/*!40101 SET @saved_cs_client     = @@character_set_client */;
/*!50503 SET character_set_client = utf8mb4 */;
CREATE TABLE `roles` (
  `id` int NOT NULL AUTO_INCREMENT,
  `Role` varchar(10) NOT NULL,
  PRIMARY KEY (`id`)
) ENGINE=InnoDB AUTO_INCREMENT=4 DEFAULT CHARSET=utf8;
/*!40101 SET character_set_client = @saved_cs_client */;

--
-- Dumping data for table `roles`
--

LOCK TABLES `roles` WRITE;
/*!40000 ALTER TABLE `roles` DISABLE KEYS */;
INSERT INTO `roles` VALUES (1,'Admin'),(2,'Provider'),(3,'User');
/*!40000 ALTER TABLE `roles` ENABLE KEYS */;
UNLOCK TABLES;

--
-- Table structure for table `user`
--

DROP TABLE IF EXISTS `user`;
/*!40101 SET @saved_cs_client     = @@character_set_client */;
/*!50503 SET character_set_client = utf8mb4 */;
CREATE TABLE `user` (
  `id` int NOT NULL AUTO_INCREMENT,
  `username` varchar(50) CHARACTER SET utf8 COLLATE utf8_swedish_ci NOT NULL,
  `email` varchar(50) CHARACTER SET utf8 COLLATE utf8_swedish_ci NOT NULL,
  `password` varchar(64) CHARACTER SET utf8 COLLATE utf8_swedish_ci NOT NULL,
  `RoleID` int NOT NULL,
  `payService` varchar(20) CHARACTER SET utf8 COLLATE utf8_swedish_ci DEFAULT NULL,
  `mobile` int NOT NULL,
  `serviceName` varchar(60) CHARACTER SET utf8 COLLATE utf8_swedish_ci NOT NULL,
  `location` varchar(200) CHARACTER SET utf8 COLLATE utf8_bin DEFAULT NULL,
  `address` varchar(200) CHARACTER SET utf8 COLLATE utf8_bin NOT NULL,
  `avatar` varchar(1000) CHARACTER SET utf8 COLLATE utf8_swedish_ci default NULL,
  `cover` varchar(1000) CHARACTER SET utf8 COLLATE utf8_swedish_ci default NULL,
  `thumbnail` varchar(1000) CHARACTER SET utf8 COLLATE utf8_swedish_ci default NULL,
  `video` varchar(1000) CHARACTER SET utf8 COLLATE utf8_swedish_ci default NULL,
  `description` varchar(500) CHARACTER SET utf8 COLLATE utf8_swedish_ci default NULL,
  `workingHours` varchar(1000) CHARACTER SET utf8 COLLATE utf8_swedish_ci DEFAULT "{\"Saturday\":[\"closed\",\"closed\"],\"Sunday\":[\"closed\",\"closed\"],\"Monday\":[\"closed\",\"closed\"],\"Tuseday\":[\"closed\",\"closed\"],\"Wednesday\":[\"closed\",\"closed\"],\"Thursday\":[\"closed\",\"closed\"],\"Friday\":[\"closed\",\"closed\"]}",
  `categoryID` int DEFAULT NULL,
  `token` varchar(400) CHARACTER SET utf8 COLLATE utf8_swedish_ci DEFAULT NULL,
  `facilities` varchar(1000) CHARACTER SET utf8 COLLATE utf8_swedish_ci DEFAULT NULL,
  PRIMARY KEY (`id`),
  UNIQUE KEY `username` (`username`),
  UNIQUE KEY `email` (`email`),
  KEY `categoryID` (`categoryID`),
  KEY `RoleID` (`RoleID`),
  CONSTRAINT `user_ibfk_1` FOREIGN KEY (`categoryID`) REFERENCES `category` (`id`),
  CONSTRAINT `user_ibfk_2` FOREIGN KEY (`RoleID`) REFERENCES `roles` (`id`)
) ENGINE=InnoDB AUTO_INCREMENT=1310 DEFAULT CHARSET=utf8 COLLATE=utf8_bin;
/*!40101 SET character_set_client = @saved_cs_client */;

--
-- Dumping data for table `user`
--

LOCK TABLES `user` WRITE;
/*!40000 ALTER TABLE `user` DISABLE KEYS */;
INSERT INTO `user` VALUES (874,'Ahmed Madi','phones5x@gmail.com','$2b$10$.U7rOCWG6rgZTcB5wkBERu8IVnmkRGGMldBhymp6I3kJKfwXz74RW',2,NULL,9354666,'Exhibition of expert Al-Nasr (exhibition of the expert','{\"lat\":\"31.5369334\",\"lng\":\"34.4621945\"}','Sheikh Radwan Junction Bahloul', NULL, NULL,NULL, NULL, NULL,"{\"Saturday\":[\"closed\",\"closed\"],\"Sunday\":[\"closed\",\"closed\"],\"Monday\":[\"closed\",\"closed\"],\"Tuseday\":[\"closed\",\"closed\"],\"Wednesday\":[\"closed\",\"closed\"],\"Thursday\":[\"closed\",\"closed\"],\"Friday\":[\"closed\",\"closed\"]}",1,NULL, NULL),(875,'Khaled Abu Attia','phones1x@gmail.com','$2b$10$U6W2ZOzMya.xcIIPaHH1hefgWjUQI0lvvX5YM8v.P8f34fMlexPzy',2,NULL,8888491,'(Abu Aita 2) Abu Attia Communications Gallery','{\"lat\":\"31.44079219\",\"lng\":\"34.40397927\"}','Brig', NULL, NULL,NULL, NULL, NULL,"{\"Saturday\":[\"closed\",\"closed\"],\"Sunday\":[\"closed\",\"closed\"],\"Monday\":[\"closed\",\"closed\"],\"Tuseday\":[\"closed\",\"closed\"],\"Wednesday\":[\"closed\",\"closed\"],\"Thursday\":[\"closed\",\"closed\"],\"Friday\":[\"closed\",\"closed\"]}",1,NULL,NULL),(876,'Mohammed Suleiman Abu Halima','phones2x@gmail.com','$2b$10$3fNTmLgq6NnlT0dDYH3jtuBZnSVFX/MJquaUny8HY4rWwoiK6Oe5m',2,NULL,8745776,'Abu Halima Communications (Mayar Phone','{\"lat\":\"31.5493149\",\"lng\":\"34.4979991\"}','Beit Lahia West Circle', NULL, NULL,NULL, NULL, NULL,"{\"Saturday\":[\"closed\",\"closed\"],\"Sunday\":[\"closed\",\"closed\"],\"Monday\":[\"closed\",\"closed\"],\"Tuseday\":[\"closed\",\"closed\"],\"Wednesday\":[\"closed\",\"closed\"],\"Thursday\":[\"closed\",\"closed\"],\"Friday\":[\"closed\",\"closed\"]}",1,NULL,NULL),(877,'Amjad Kodeih','phones3x@gmail.com','$2b$10$Q6jfWQYgAK1mFnuCLvue8eTMPISvjSFRXbRBpNDaC0sEcPSIDs1BW',2,NULL,8888896,'Qudaih Telecom (Qudaih Mobile Showroom.)','{\"lat\":\"31.3419425\",\"lng\":\"34.3256629\"}','Brown Suhaila', NULL, NULL,NULL, NULL, NULL,"{\"Saturday\":[\"closed\",\"closed\"],\"Sunday\":[\"closed\",\"closed\"],\"Monday\":[\"closed\",\"closed\"],\"Tuseday\":[\"closed\",\"closed\"],\"Wednesday\":[\"closed\",\"closed\"],\"Thursday\":[\"closed\",\"closed\"],\"Friday\":[\"closed\",\"closed\"]}",1,NULL,NULL),(878,'Mohamed Youssef Hegazy','phones7x@gmail.com','$2b$10$HZSSmhip5vZHZMO2RnQx.udKN14S4r90x1Qe4F822L.zDIj6kovZC',2,NULL,568745720,'Hijazi Al-Nasr Exhibition (Hijazi Communication Gallery','{\"lat\":\"31.5367658\",\"lng\":\"34.4621648\"}','The soldier next to the haji for shawarma', NULL, NULL,NULL, NULL, NULL,"{\"Saturday\":[\"closed\",\"closed\"],\"Sunday\":[\"closed\",\"closed\"],\"Monday\":[\"closed\",\"closed\"],\"Tuseday\":[\"closed\",\"closed\"],\"Wednesday\":[\"closed\",\"closed\"],\"Thursday\":[\"closed\",\"closed\"],\"Friday\":[\"closed\",\"closed\"]}",1,NULL,NULL),(879,'Khaled Ahmed Al-Gharabawi','phones6x@gmail.com','$2b$10$ZWo.38pni1it8FeM4XyXguSkkVcHEEx2wsIn1Rt1DeQUVW6dc9JvK',2,NULL,8888465,'Al Marwan Telecom Exhibition 2 (Al Marwan Center','{\"lat\":\"31.544443\",\"lng\":\"34.4679499\"}','Al Karama Roundabout', NULL, NULL,NULL, NULL, NULL,"{\"Saturday\":[\"closed\",\"closed\"],\"Sunday\":[\"closed\",\"closed\"],\"Monday\":[\"closed\",\"closed\"],\"Tuseday\":[\"closed\",\"closed\"],\"Wednesday\":[\"closed\",\"closed\"],\"Thursday\":[\"closed\",\"closed\"],\"Friday\":[\"closed\",\"closed\"]}",1,NULL,NULL),(880,'Mahmoud Irmaih Ibrahim Arhim','phones8x@gmail.com','$2b$10$aVSN8k8rXodatEi/z7x19eeXxOLKJ5RlTrh73ZTxlB7bhLw3VCK.S',2,NULL,8888497,'Zain Telecom Exhibition 2 (Zain Telecom Exhibition','{\"lat\":\"31.5087408\",\"lng\":\"34.4263787\"}','Gaza, Tal al-Hawa, in front of the Council of Ministers', NULL, NULL,NULL, NULL, NULL,"{\"Saturday\":[\"closed\",\"closed\"],\"Sunday\":[\"closed\",\"closed\"],\"Monday\":[\"closed\",\"closed\"],\"Tuseday\":[\"closed\",\"closed\"],\"Wednesday\":[\"closed\",\"closed\"],\"Thursday\":[\"closed\",\"closed\"],\"Friday\":[\"closed\",\"closed\"]}",1,NULL,NULL),(881,'Ahmed Abdul Mohsen Mukhtar Lulu','phones11x@gmail.com','$2b$10$5vjZR8cxqlpPdGuCVGeGduOcokUEvE9f8kG.VRZx6qnyzR5JmQ6Ju',2,NULL,7300040,'3 Star Phone','{\"lat\":\"31.5043076\",\"lng\":\"34.4746142\"}','The hair', NULL, NULL,NULL, NULL, NULL,"{\"Saturday\":[\"closed\",\"closed\"],\"Sunday\":[\"closed\",\"closed\"],\"Monday\":[\"closed\",\"closed\"],\"Tuseday\":[\"closed\",\"closed\"],\"Wednesday\":[\"closed\",\"closed\"],\"Thursday\":[\"closed\",\"closed\"],\"Friday\":[\"closed\",\"closed\"]}",1,NULL,NULL),(882,'Tiger','phones10x@gmail.com','$2b$10$ydyO9udMzM3NMsOY3AbM9uZ2350mPL0nKw0fKu/nd7DWGZC8c/QaC',2,NULL,68888025,'Tiger von college (Tiger von','{\"lat\":\"31.4978786\",\"lng\":\"34.437651\"}','Gaza / Community College', NULL, NULL,NULL, NULL, NULL,"{\"Saturday\":[\"closed\",\"closed\"],\"Sunday\":[\"closed\",\"closed\"],\"Monday\":[\"closed\",\"closed\"],\"Tuseday\":[\"closed\",\"closed\"],\"Wednesday\":[\"closed\",\"closed\"],\"Thursday\":[\"closed\",\"closed\"],\"Friday\":[\"closed\",\"closed\"]}",1,NULL,NULL),(883,'Ali Abd al-Haman Dawood Akilah','phones13x@gmail.com','$2b$10$QrDzLmqYmTk3mjjvVrJk4OEarhcp.klOlxKzkM.jqrKNeQXc0rPi2',2,NULL,8999226,'Apple Store - Ali Akila','{\"lat\":\"31.5310603\",\"lng\":\"34.4556348\"}','Gaza', NULL, NULL,NULL, NULL, NULL,"{\"Saturday\":[\"closed\",\"closed\"],\"Sunday\":[\"closed\",\"closed\"],\"Monday\":[\"closed\",\"closed\"],\"Tuseday\":[\"closed\",\"closed\"],\"Wednesday\":[\"closed\",\"closed\"],\"Thursday\":[\"closed\",\"closed\"],\"Friday\":[\"closed\",\"closed\"]}",1,NULL,NULL),(884,'Yahya Jamal Al-Azayzeh','phones12x@gmail.com','$2b$10$mQDTubsiubenRM2ABRhzhO1LE8fqXcyH/Bc1wMFIgFn6jWmWHAwZi',2,NULL,7158615,'Alfa','{\"lat\":\"31.41704418\",\"lng\":\"34.34762405\"}','Blessing', NULL, NULL,NULL, NULL, NULL,"{\"Saturday\":[\"closed\",\"closed\"],\"Sunday\":[\"closed\",\"closed\"],\"Monday\":[\"closed\",\"closed\"],\"Tuseday\":[\"closed\",\"closed\"],\"Wednesday\":[\"closed\",\"closed\"],\"Thursday\":[\"closed\",\"closed\"],\"Friday\":[\"closed\",\"closed\"]}",1,NULL,NULL),(885,'Ahmed Jamal Misbah Al-Qarmani','phones14x@gmail.com','$2b$10$sUe49i2SuAX.N9Q4gEA7du7nxMBZW8/jFMAyCoIU.L.BR9ZxkKVAS',2,NULL,8684362,'Expertech','{\"lat\":\"31.41817766\",\"lng\":\"34.34891833\"}','Deir Al-Balah - Al-Balad - Al-Mukhtar Al-Azayzeh Street', NULL, NULL,NULL, NULL, NULL,"{\"Saturday\":[\"closed\",\"closed\"],\"Sunday\":[\"closed\",\"closed\"],\"Monday\":[\"closed\",\"closed\"],\"Tuseday\":[\"closed\",\"closed\"],\"Wednesday\":[\"closed\",\"closed\"],\"Thursday\":[\"closed\",\"closed\"],\"Friday\":[\"closed\",\"closed\"]}",1,NULL,NULL),(886,'Ayman Afaneh','phones15x@gmail.com','$2b$10$fApZ1YT19DWLJ/N2NdF6zeaO.WLvTi8mEoHBMDhJVeQ2vuJf4pqlS',2,NULL,9333655,'Galaxy Phone','{\"lat\":\"31.523111\",\"lng\":\"34.4598645\"}','Gaza, Al-Galaa Street, Al-Faghra Junction, Al-Lababidi Street, in front of Hamada building', NULL, NULL,NULL, NULL, NULL,"{\"Saturday\":[\"closed\",\"closed\"],\"Sunday\":[\"closed\",\"closed\"],\"Monday\":[\"closed\",\"closed\"],\"Tuseday\":[\"closed\",\"closed\"],\"Wednesday\":[\"closed\",\"closed\"],\"Thursday\":[\"closed\",\"closed\"],\"Friday\":[\"closed\",\"closed\"]}",1,NULL,NULL),(887,'Muhammad Abu Al-Huda','phones17x@gmail.com','$2b$10$0/vP4nTJGWb8jgIhnL30YOaont0dSDaVMQA95SaSXZ4O6vo3MM4pu',2,NULL,594123523,'Golden Phone_ Muhammad Abu Al-Hoda','{\"lat\":\"31.5038861\",\"lng\":\"34.4263678\"}','Tell Al-Hawi', NULL, NULL,NULL, NULL, NULL,"{\"Saturday\":[\"closed\",\"closed\"],\"Sunday\":[\"closed\",\"closed\"],\"Monday\":[\"closed\",\"closed\"],\"Tuseday\":[\"closed\",\"closed\"],\"Wednesday\":[\"closed\",\"closed\"],\"Thursday\":[\"closed\",\"closed\"],\"Friday\":[\"closed\",\"closed\"]}",1,NULL,NULL),(888,'Order of Riad Fares Azzam','phones19x@gmail.com','$2b$10$MGsrf6BrALGPTvR04OPsUOIYnBph/oShTbKKp1MpD.bI4FtqFnx.K',2,NULL,7575123,'G-tech_ Wissam Azzam','{\"lat\":\"31.5426979\",\"lng\":\"34.4605093\"}','Intelligence Street next to the Palace of Roses', NULL, NULL,NULL, NULL, NULL,"{\"Saturday\":[\"closed\",\"closed\"],\"Sunday\":[\"closed\",\"closed\"],\"Monday\":[\"closed\",\"closed\"],\"Tuseday\":[\"closed\",\"closed\"],\"Wednesday\":[\"closed\",\"closed\"],\"Thursday\":[\"closed\",\"closed\"],\"Friday\":[\"closed\",\"closed\"]}",1,NULL,NULL),(889,'Karam Amer Sobhi porno','phones21x@gmail.com','$2b$10$o/IG2ULKjC6UYkuL0cYd7eLqJTIuQUwQYKMyKsQFnDgVhqD8KuC/K',2,NULL,567705710,'lamar','{\"lat\":\"31.5177829\",\"lng\":\"34.4468963\"}','Al-Rimal / opposite Pizza Inn', NULL, NULL,NULL, NULL, NULL,"{\"Saturday\":[\"closed\",\"closed\"],\"Sunday\":[\"closed\",\"closed\"],\"Monday\":[\"closed\",\"closed\"],\"Tuseday\":[\"closed\",\"closed\"],\"Wednesday\":[\"closed\",\"closed\"],\"Thursday\":[\"closed\",\"closed\"],\"Friday\":[\"closed\",\"closed\"]}",1,NULL,NULL),(890,'Mohammed Shaheen','phones20x@gmail.com','$2b$10$vZA9llder8gwUhOVSUFxHeOy/QZn4K5lT15BOet61gElaTz4bjZti',2,NULL,8620578,'J PHONE 2_Mohammed Shaheen','{\"lat\":\"31.5404678\",\"lng\":\"34.4998207\"}','Beit Lahia Abu Jiddian Circle', NULL, NULL,NULL, NULL, NULL,"{\"Saturday\":[\"closed\",\"closed\"],\"Sunday\":[\"closed\",\"closed\"],\"Monday\":[\"closed\",\"closed\"],\"Tuseday\":[\"closed\",\"closed\"],\"Wednesday\":[\"closed\",\"closed\"],\"Thursday\":[\"closed\",\"closed\"],\"Friday\":[\"closed\",\"closed\"]}",1,NULL,NULL),(891,'Happy beautiful Saeed cascade','phones22x@gmail.com','$2b$10$VUxV1j4biZBfEUWCXfnxE.DRDnjVcJ4vwzKynOaY3MZIvneH51CYW',2,NULL,566101010,'meat City','{\"lat\":\"31.5220504\",\"lng\":\"34.4452783\"}','Nasr Street, south of Abu Talal intersection', NULL, NULL,NULL, NULL, NULL,"{\"Saturday\":[\"closed\",\"closed\"],\"Sunday\":[\"closed\",\"closed\"],\"Monday\":[\"closed\",\"closed\"],\"Tuseday\":[\"closed\",\"closed\"],\"Wednesday\":[\"closed\",\"closed\"],\"Thursday\":[\"closed\",\"closed\"],\"Friday\":[\"closed\",\"closed\"]}",1,NULL,NULL),(892,'My Phone / Hamada Saq Allah','phones23x@gmail.com','$2b$10$5QEJvPxkbnyhLL7FsA4he.f0o.Gr/YdSH3i6jVcU1OJ1lBcK7KE96',2,NULL,568888084,'my phone','{\"lat\":\"31.5158789\",\"lng\":\"34.4488606\"}','In front of the Capital Mall', NULL, NULL,NULL, NULL, NULL,"{\"Saturday\":[\"closed\",\"closed\"],\"Sunday\":[\"closed\",\"closed\"],\"Monday\":[\"closed\",\"closed\"],\"Tuseday\":[\"closed\",\"closed\"],\"Wednesday\":[\"closed\",\"closed\"],\"Thursday\":[\"closed\",\"closed\"],\"Friday\":[\"closed\",\"closed\"]}",1,NULL,NULL),(893,'Ahmed Kamal Quneitah','phones24x@gmail.com','$2b$10$jS9k56/h/PdwXIcaIdN9ouiH1IsqzU.qwhFKUTXjPP27N3YTo4t/O',2,NULL,8888870,'Red Mobile','{\"lat\":\"31.5178551\",\"lng\":\"34.4447304\"}','Shuhada Street', NULL, NULL,NULL, NULL, NULL,"{\"Saturday\":[\"closed\",\"closed\"],\"Sunday\":[\"closed\",\"closed\"],\"Monday\":[\"closed\",\"closed\"],\"Tuseday\":[\"closed\",\"closed\"],\"Wednesday\":[\"closed\",\"closed\"],\"Thursday\":[\"closed\",\"closed\"],\"Friday\":[\"closed\",\"closed\"]}",1,NULL,NULL),(894,'Ayman Majed Hamed Jerjawi','phones25x@gmail.com','$2b$10$j7caBMMiG02AoZLL3dBDhuaUYsIWa18QWYv.ePYy5FJRWqlJH2ejW',2,NULL,9112838,'Rose phone','{\"lat\":\"31.47213816\",\"lng\":\"34.40229084\"}','Zahraa', NULL, NULL,NULL, NULL, NULL,"{\"Saturday\":[\"closed\",\"closed\"],\"Sunday\":[\"closed\",\"closed\"],\"Monday\":[\"closed\",\"closed\"],\"Tuseday\":[\"closed\",\"closed\"],\"Wednesday\":[\"closed\",\"closed\"],\"Thursday\":[\"closed\",\"closed\"],\"Friday\":[\"closed\",\"closed\"]}",1,NULL,NULL),(895,'Zakaria Musa Abdel Salam','phones27x@gmail.com','$2b$10$foxlFygSeEBS.D6kbPGAXeC/IC0dtYuAYHZazKtlJIaijW9V7SVGK',2,NULL,568055080,'smart mobile','{\"lat\":\"31.5160253\",\"lng\":\"34.447088\"}','Al-Shahda Street, Palestine Tower', NULL, NULL,NULL, NULL, NULL,"{\"Saturday\":[\"closed\",\"closed\"],\"Sunday\":[\"closed\",\"closed\"],\"Monday\":[\"closed\",\"closed\"],\"Tuseday\":[\"closed\",\"closed\"],\"Wednesday\":[\"closed\",\"closed\"],\"Thursday\":[\"closed\",\"closed\"],\"Friday\":[\"closed\",\"closed\"]}",1,NULL,NULL),(896,'Saber Mustafa dogs','phones26x@gmail.com','$2b$10$I.gpPINdSAzsn.LBfadzTO2xBdf9yvTmD9/9G600QtA7378eokSg6',2,NULL,595637780,'sam mobile','{\"lat\":\"31.53096\",\"lng\":\"34.4479556\"}','Beach Martyrs Square', NULL, NULL,NULL, NULL, NULL,"{\"Saturday\":[\"closed\",\"closed\"],\"Sunday\":[\"closed\",\"closed\"],\"Monday\":[\"closed\",\"closed\"],\"Tuseday\":[\"closed\",\"closed\"],\"Wednesday\":[\"closed\",\"closed\"],\"Thursday\":[\"closed\",\"closed\"],\"Friday\":[\"closed\",\"closed\"]}",1,NULL,NULL),(897,'Khaled Hatem Siyam','phones28x@gmail.com','$2b$10$J2RHLBhoMIAL9rtdXTKQ2uCM5Jtj9WDrtL/Hxr6F/3NCsXoANdYLW',2,NULL,9444633,'Smart Phone','{\"lat\":\"31.533065\",\"lng\":\"34.4470508\"}','Gaza beach, Hamid Street', NULL, NULL,NULL, NULL, NULL,"{\"Saturday\":[\"closed\",\"closed\"],\"Sunday\":[\"closed\",\"closed\"],\"Monday\":[\"closed\",\"closed\"],\"Tuseday\":[\"closed\",\"closed\"],\"Wednesday\":[\"closed\",\"closed\"],\"Thursday\":[\"closed\",\"closed\"],\"Friday\":[\"closed\",\"closed\"]}",1,NULL,NULL),(898,'Mustafa Abu Shhala','phones29x@gmail.com','$2b$10$DfQy2wgGShYByKoYq/uW/.C07xp57gSqjYVcRkKUgLrZgbjuUOMA.',2,NULL,8888049,'start tech','{\"lat\":\"31.5153798\",\"lng\":\"34.4497316\"}','Al-Rimal next to Kazem', NULL, NULL,NULL, NULL, NULL,"{\"Saturday\":[\"closed\",\"closed\"],\"Sunday\":[\"closed\",\"closed\"],\"Monday\":[\"closed\",\"closed\"],\"Tuseday\":[\"closed\",\"closed\"],\"Wednesday\":[\"closed\",\"closed\"],\"Thursday\":[\"closed\",\"closed\"],\"Friday\":[\"closed\",\"closed\"]}",1,NULL,NULL),(899,'Top','phones30x@gmail.com','$2b$10$wATK4n8nUasY.8zGQbQ4/ui4msBH9ApjLdpCaruDqtEK1J2G95Lu.',2,NULL,9444577,'Top Speed','{\"lat\":\"31.5584326\",\"lng\":\"34.4871233\"}','Beit Lahia', NULL, NULL,NULL, NULL, NULL,"{\"Saturday\":[\"closed\",\"closed\"],\"Sunday\":[\"closed\",\"closed\"],\"Monday\":[\"closed\",\"closed\"],\"Tuseday\":[\"closed\",\"closed\"],\"Wednesday\":[\"closed\",\"closed\"],\"Thursday\":[\"closed\",\"closed\"],\"Friday\":[\"closed\",\"closed\"]}",1,NULL,NULL),(900,'Ramy Hegazy','phones31x@gmail.com','$2b$10$BP15p1KuS/3J76Kv3LY8g.G.s5/YnN8Dq6.DcwX6FkDc6M.XNPgjy',2,NULL,7400074,'zone tech','{\"lat\":\"31.54412\",\"lng\":\"34.4985249\"}','North Gaza', NULL, NULL,NULL, NULL, NULL,"{\"Saturday\":[\"closed\",\"closed\"],\"Sunday\":[\"closed\",\"closed\"],\"Monday\":[\"closed\",\"closed\"],\"Tuseday\":[\"closed\",\"closed\"],\"Wednesday\":[\"closed\",\"closed\"],\"Thursday\":[\"closed\",\"closed\"],\"Friday\":[\"closed\",\"closed\"]}",1,NULL,NULL),(901,'Ahmed Abodeh','phones34x@gmail.com','$2b$10$zd4dc28jTkKkCSXYlRnHpOJoB2R3b4B2wz.8UDOYWzt3r4CEvuzjC',2,NULL,599744228,'Abu Dayya iPhone','{\"lat\":\"31.5048358\",\"lng\":\"34.4557406\"}','Gaza, Asqula, Diwan Shaheiber Street', NULL, NULL,NULL, NULL, NULL,"{\"Saturday\":[\"closed\",\"closed\"],\"Sunday\":[\"closed\",\"closed\"],\"Monday\":[\"closed\",\"closed\"],\"Tuseday\":[\"closed\",\"closed\"],\"Wednesday\":[\"closed\",\"closed\"],\"Thursday\":[\"closed\",\"closed\"],\"Friday\":[\"closed\",\"closed\"]}",1,NULL,NULL),(902,'Fadi Abu Obaid','phones32x@gmail.com','$2b$10$Ifo0ACazlUP.mBNqwS.o1OKlzmF.dPuDYA/KxXmZ6TTaWkP24oh.6',2,NULL,8720188,'zoom _ Fadi Abu Obaid','{\"lat\":\"31.2802616\",\"lng\":\"34.252503\"}','Al-Balad - Yebna camp', NULL, NULL,NULL, NULL, NULL,"{\"Saturday\":[\"closed\",\"closed\"],\"Sunday\":[\"closed\",\"closed\"],\"Monday\":[\"closed\",\"closed\"],\"Tuseday\":[\"closed\",\"closed\"],\"Wednesday\":[\"closed\",\"closed\"],\"Thursday\":[\"closed\",\"closed\"],\"Friday\":[\"closed\",\"closed\"]}",1,NULL,NULL),(903,'Karim Issa Muhammad Abu Saada','phones35x@gmail.com','$2b$10$mYhzopEODjxQdJSRMqg/iOCal1dv0K1X0DnLaxDqhtTkuh1dscYRS',2,NULL,8616340,'Abu Saada phone','{\"lat\":\"31.5425651\",\"lng\":\"34.4984609\"}','Al-Qassam Street in front of Al-Hindi Pharmacy', NULL, NULL,NULL, NULL, NULL,"{\"Saturday\":[\"closed\",\"closed\"],\"Sunday\":[\"closed\",\"closed\"],\"Monday\":[\"closed\",\"closed\"],\"Tuseday\":[\"closed\",\"closed\"],\"Wednesday\":[\"closed\",\"closed\"],\"Thursday\":[\"closed\",\"closed\"],\"Friday\":[\"closed\",\"closed\"]}",1,NULL,NULL),(904,'Alaa Abu Jerboa','phones33x@gmail.com','$2b$10$vCPUMc3msqWNIrb02kyxwOfdh4IUQRa9KNQRl9XMm/BOnjEjiutb.',2,NULL,7210200,'Abu Jerboa Computer _ Alaa Abu Jarboa','{\"lat\":\"31.45614029\",\"lng\":\"34.39076868\"}','Nuseirat - the new camp - Abraj Al Salhi', NULL, NULL,NULL, NULL, NULL,"{\"Saturday\":[\"closed\",\"closed\"],\"Sunday\":[\"closed\",\"closed\"],\"Monday\":[\"closed\",\"closed\"],\"Tuseday\":[\"closed\",\"closed\"],\"Wednesday\":[\"closed\",\"closed\"],\"Thursday\":[\"closed\",\"closed\"],\"Friday\":[\"closed\",\"closed\"]}",1,NULL,NULL),(905,'Mohammed Hamed Mahmoud Abu Sharkh','phones36x@gmail.com','$2b$10$HHiycXAmLTFLJQHULNQrveqM8SefaCovA37ctqOWAHdlPVAHDEQru',2,NULL,568999355,'Abu Sharkh Communications','{\"lat\":\"31.3100425\",\"lng\":\"34.2434509\"}','Rafah, Tal al-Sultan', NULL, NULL,NULL, NULL, NULL,"{\"Saturday\":[\"closed\",\"closed\"],\"Sunday\":[\"closed\",\"closed\"],\"Monday\":[\"closed\",\"closed\"],\"Tuseday\":[\"closed\",\"closed\"],\"Wednesday\":[\"closed\",\"closed\"],\"Thursday\":[\"closed\",\"closed\"],\"Friday\":[\"closed\",\"closed\"]}",1,NULL,NULL),(906,'Fadi Abu Suhaiban','phones37x@gmail.com','$2b$10$.1TF6uOuSsY18vTeR3CmxuQohYAk9ih8hlIiWeAz7Md1grHvA192O',2,NULL,7697181,'Abu Suhaib Center_Fadi Abu Suhaiban','{\"lat\":\"31.5251936\",\"lng\":\"34.463533\"}','U. Evacuation', NULL, NULL,NULL, NULL, NULL,"{\"Saturday\":[\"closed\",\"closed\"],\"Sunday\":[\"closed\",\"closed\"],\"Monday\":[\"closed\",\"closed\"],\"Tuseday\":[\"closed\",\"closed\"],\"Wednesday\":[\"closed\",\"closed\"],\"Thursday\":[\"closed\",\"closed\"],\"Friday\":[\"closed\",\"closed\"]}",1,NULL,NULL),(907,'Eid Muhammad Eid Abu Taha','phones38x@gmail.com','$2b$10$i8kPQ0I/UbhHfucBZiGD1O.xefCTYH5Dr79a1cbL75K3rOPQn04bO',2,NULL,8635985,'Abu Taha Communications','{\"lat\":\"31.2774299\",\"lng\":\"34.2502279\"}','Rafah - Bahloul Station', NULL, NULL,NULL, NULL, NULL,"{\"Saturday\":[\"closed\",\"closed\"],\"Sunday\":[\"closed\",\"closed\"],\"Monday\":[\"closed\",\"closed\"],\"Tuseday\":[\"closed\",\"closed\"],\"Wednesday\":[\"closed\",\"closed\"],\"Thursday\":[\"closed\",\"closed\"],\"Friday\":[\"closed\",\"closed\"]}",1,NULL,NULL),(908,'Mohammed Abu Eida','phones39x@gmail.com','$2b$10$idmEJ28B0G.nrN4L/nxvlOv3NOX9OZ2eSEzg.ZX6.jtiPYwDPqVL.',2,NULL,8611492,'Abu Eida Telecom _ Muhammad Abu Eida','{\"lat\":\"31.5395243\",\"lng\":\"34.4933776\"}','Jabalia Roundabout Al-Shahda', NULL, NULL,NULL, NULL, NULL,"{\"Saturday\":[\"closed\",\"closed\"],\"Sunday\":[\"closed\",\"closed\"],\"Monday\":[\"closed\",\"closed\"],\"Tuseday\":[\"closed\",\"closed\"],\"Wednesday\":[\"closed\",\"closed\"],\"Thursday\":[\"closed\",\"closed\"],\"Friday\":[\"closed\",\"closed\"]}",1,NULL,NULL),(909,'Mohammed Khalil Mahmoud Abu Mutlaq','phones41x@gmail.com','$2b$10$ZSvYREvpKktNicumQJG85enBqnf48DLTxr2k7.YKBVrNIOnkqZgGO',2,NULL,9247778,'Abu Mutlaq for communications and electrical appliances','{\"lat\":\"31.3304506\",\"lng\":\"34.3372757\"}','Big Abassan', NULL, NULL,NULL, NULL, NULL,"{\"Saturday\":[\"closed\",\"closed\"],\"Sunday\":[\"closed\",\"closed\"],\"Monday\":[\"closed\",\"closed\"],\"Tuseday\":[\"closed\",\"closed\"],\"Wednesday\":[\"closed\",\"closed\"],\"Thursday\":[\"closed\",\"closed\"],\"Friday\":[\"closed\",\"closed\"]}",1,NULL,NULL),(910,'Muhammad Ali Abu Foul','phones40x@gmail.com','$2b$10$cBqlAVWH6fXLUq0QzMXcxOOhoEfsEKclKxo5dQVsEaMyk.Hcy5CVm',2,NULL,8399682,'Abu Full Phone','{\"lat\":\"31.5316053\",\"lng\":\"34.4711105\"}',' Gaza _ Al-Jalaa, opposite Ibn Al-Haytham pharmacy', NULL, NULL,NULL, NULL, NULL,"{\"Saturday\":[\"closed\",\"closed\"],\"Sunday\":[\"closed\",\"closed\"],\"Monday\":[\"closed\",\"closed\"],\"Tuseday\":[\"closed\",\"closed\"],\"Wednesday\":[\"closed\",\"closed\"],\"Thursday\":[\"closed\",\"closed\"],\"Friday\":[\"closed\",\"closed\"]}",1,NULL,NULL),(911,'Mahmoud Abu Hamad','phones43x@gmail.com','$2b$10$lsqXX6Yrn.ZK2Yl4R26w7O.EvoAUFVz4NyTZeuLYTnmn0rYfhZ06m',2,NULL,8645101,'Abu Hamad for Communications and Exchange_ Mahmoud Abu Hamad','{\"lat\":\"31.3240576\",\"lng\":\"34.346141\"}','Khan Younis Abasan Al Kabeer, Main Street, next to Saleh Pharmacy', NULL, NULL,NULL, NULL, NULL,"{\"Saturday\":[\"closed\",\"closed\"],\"Sunday\":[\"closed\",\"closed\"],\"Monday\":[\"closed\",\"closed\"],\"Tuseday\":[\"closed\",\"closed\"],\"Wednesday\":[\"closed\",\"closed\"],\"Thursday\":[\"closed\",\"closed\"],\"Friday\":[\"closed\",\"closed\"]}",1,NULL,NULL),(912,'Tariq Emad Abu Dyer','phones44x@gmail.com','$2b$10$1C6vKOkeLYfPopkE45EHSulP.zHGcnu4W1vmkKIHw1.wnAjobC5EK',2,NULL,8999422,'Abodeire Communications','{\"lat\":\"31.5358658\",\"lng\":\"34.5044034\"}','Tal Al-Zaatar Nassar Roundabout', NULL, NULL,NULL, NULL, NULL,"{\"Saturday\":[\"closed\",\"closed\"],\"Sunday\":[\"closed\",\"closed\"],\"Monday\":[\"closed\",\"closed\"],\"Tuseday\":[\"closed\",\"closed\"],\"Wednesday\":[\"closed\",\"closed\"],\"Thursday\":[\"closed\",\"closed\"],\"Friday\":[\"closed\",\"closed\"]}",1,NULL,NULL),(913,'Abu Atwan','phones45x@gmail.com','$2b$10$l9cL3AeeK5Y6PmR1NvmJYOcOAuMEfU.CZTj4bjrfQnZ1N9qtj00py',2,NULL,567064575,'Abu Atwan Telecom_ Ibrahim Abu Atwan','{\"lat\":\"31.2799584\",\"lng\":\"34.2545969\"}','Country / Return Roundabout', NULL, NULL,NULL, NULL, NULL,"{\"Saturday\":[\"closed\",\"closed\"],\"Sunday\":[\"closed\",\"closed\"],\"Monday\":[\"closed\",\"closed\"],\"Tuseday\":[\"closed\",\"closed\"],\"Wednesday\":[\"closed\",\"closed\"],\"Thursday\":[\"closed\",\"closed\"],\"Friday\":[\"closed\",\"closed\"]}",1,NULL,NULL),(914,'Mahmoud Zaki Abdel Kaoud','phones47x@gmail.com','$2b$10$7zCxvGvnWkwy8aCTirbC5O25sc/9y8mgmJcNvRugX3TbuOLcQMG2i',2,NULL,568687618,'My contacts_mahmoud kaoud','{\"lat\":\"31.5309584\",\"lng\":\"34.4770744\"}','The end of Third Street - opposite to Khillah Petroleum Station', NULL, NULL,NULL, NULL, NULL,"{\"Saturday\":[\"closed\",\"closed\"],\"Sunday\":[\"closed\",\"closed\"],\"Monday\":[\"closed\",\"closed\"],\"Tuseday\":[\"closed\",\"closed\"],\"Wednesday\":[\"closed\",\"closed\"],\"Thursday\":[\"closed\",\"closed\"],\"Friday\":[\"closed\",\"closed\"]}",1,NULL,NULL),(915,'Ahmed Mohammed Abu Warda','phones46x@gmail.com','$2b$10$POR4AbEocgrwfjaPmQ2Qe.s3LGwiROzW7N4RibcraO4siGuEuAXoC',2,NULL,8888860,'Abukram Phone','{\"lat\":\"31.5331818\",\"lng\":\"34.4732216\"}','Gaza / Al-Saftawi\'s first missile roundabout', NULL, NULL,NULL, NULL, NULL,"{\"Saturday\":[\"closed\",\"closed\"],\"Sunday\":[\"closed\",\"closed\"],\"Monday\":[\"closed\",\"closed\"],\"Tuseday\":[\"closed\",\"closed\"],\"Wednesday\":[\"closed\",\"closed\"],\"Thursday\":[\"closed\",\"closed\"],\"Friday\":[\"closed\",\"closed\"]}",1,NULL,NULL),(916,'Jawad Abdul Hamid Mahmoud Al-Attar','phones49x@gmail.com','$2b$10$xcJdTk0GSjxPownmc.i4ZOo6XTVlFuRQYPc2/mrSMTenJYc2mTdce',2,NULL,8888849,'IPhone Airs','{\"lat\":\"31.2833801\",\"lng\":\"34.2510681\"}','Al-Balad, Western Garage, next to the catering', NULL, NULL,NULL, NULL, NULL,"{\"Saturday\":[\"closed\",\"closed\"],\"Sunday\":[\"closed\",\"closed\"],\"Monday\":[\"closed\",\"closed\"],\"Tuseday\":[\"closed\",\"closed\"],\"Wednesday\":[\"closed\",\"closed\"],\"Thursday\":[\"closed\",\"closed\"],\"Friday\":[\"closed\",\"closed\"]}",1,NULL,NULL),(917,'Ahmed Al-Tahrawi','phones51x@gmail.com','$2b$10$pCrdKmNCnS7HEb5pIvVGr.RYkDLrWM3pTDcY41ZqJcZeFGN8qCSfe',2,NULL,9444331,'Ahmed Fon _Ahmed Al-Tahrawi','{\"lat\":\"31.4470099\",\"lng\":\"34.3922308\"}','Nuseirat - St. The flowers', NULL, NULL,NULL, NULL, NULL,"{\"Saturday\":[\"closed\",\"closed\"],\"Sunday\":[\"closed\",\"closed\"],\"Monday\":[\"closed\",\"closed\"],\"Tuseday\":[\"closed\",\"closed\"],\"Wednesday\":[\"closed\",\"closed\"],\"Thursday\":[\"closed\",\"closed\"],\"Friday\":[\"closed\",\"closed\"]}",1,NULL,NULL),(918,'Adam Abu Al-Rous','phones52x@gmail.com','$2b$10$EwXvP4X5j/ddlQdV/esC2efx6AVulCIwHryGC9v5a/lrg/Uqw6zni',2,NULL,567646434,'Adam Communications','{\"lat\":\"31.45233472\",\"lng\":\"34.38962402\"}','Nuseirat', NULL, NULL,NULL, NULL, NULL,"{\"Saturday\":[\"closed\",\"closed\"],\"Sunday\":[\"closed\",\"closed\"],\"Monday\":[\"closed\",\"closed\"],\"Tuseday\":[\"closed\",\"closed\"],\"Wednesday\":[\"closed\",\"closed\"],\"Thursday\":[\"closed\",\"closed\"],\"Friday\":[\"closed\",\"closed\"]}",1,NULL,NULL),(919,'Ahmed Mohammed Suleiman Awad Allah','phones50x@gmail.com','$2b$10$L08n/IjEve.W1mxDlrJ7RurfwVdfl/QuMMqhgQEJb9VdxZhV5Tr8a',2,NULL,598337892,'Ahmed Awad Allah','{\"lat\":\"31.3062956\",\"lng\":\"34.2401306\"}','Tell al-Sultan near the Sakka Junction', NULL, NULL,NULL, NULL, NULL,"{\"Saturday\":[\"closed\",\"closed\"],\"Sunday\":[\"closed\",\"closed\"],\"Monday\":[\"closed\",\"closed\"],\"Tuseday\":[\"closed\",\"closed\"],\"Wednesday\":[\"closed\",\"closed\"],\"Thursday\":[\"closed\",\"closed\"],\"Friday\":[\"closed\",\"closed\"]}",1,NULL,NULL),(920,'Sameh Misbah Nasser','phones53x@gmail.com','$2b$10$vtdD3pYxn8gUO3yjbpL15.uHupjS3kKXwLnk.78Katgy2uIUruXLa',2,NULL,7237771,'Please','{\"lat\":\"31.5376889\",\"lng\":\"34.5334478\"}','Mosque of Omar junction', NULL, NULL,NULL, NULL, NULL,"{\"Saturday\":[\"closed\",\"closed\"],\"Sunday\":[\"closed\",\"closed\"],\"Monday\":[\"closed\",\"closed\"],\"Tuseday\":[\"closed\",\"closed\"],\"Wednesday\":[\"closed\",\"closed\"],\"Thursday\":[\"closed\",\"closed\"],\"Friday\":[\"closed\",\"closed\"]}",1,NULL,NULL),(921,'Sultan Bassem Qureiqi','phones55x@gmail.com','$2b$10$UPPO00d1JiFAyEszrAjSjesikKF1ECgEYv4CLbVMxKKT9QB0xKYFm',2,NULL,59499902,'Islam iPhone Telecom','{\"lat\":\"31.5293097\",\"lng\":\"34.4645646\"}','Laayoune Bridge', NULL, NULL,NULL, NULL, NULL,"{\"Saturday\":[\"closed\",\"closed\"],\"Sunday\":[\"closed\",\"closed\"],\"Monday\":[\"closed\",\"closed\"],\"Tuseday\":[\"closed\",\"closed\"],\"Wednesday\":[\"closed\",\"closed\"],\"Thursday\":[\"closed\",\"closed\"],\"Friday\":[\"closed\",\"closed\"]}",1,NULL,NULL),(922,'Hazem Essam Attia Maqat','phones58x@gmail.com','$2b$10$XO5s0aC7nhYRt2FvhcTp.OroEeP68F4lDMJyGBjavuRJ.cXE1aHFi',2,NULL,569897770,'Brother Telecom','{\"lat\":\"31.5074672\",\"lng\":\"34.463569\"}','Jabalia parking', NULL, NULL,NULL, NULL, NULL,"{\"Saturday\":[\"closed\",\"closed\"],\"Sunday\":[\"closed\",\"closed\"],\"Monday\":[\"closed\",\"closed\"],\"Tuseday\":[\"closed\",\"closed\"],\"Wednesday\":[\"closed\",\"closed\"],\"Thursday\":[\"closed\",\"closed\"],\"Friday\":[\"closed\",\"closed\"]}",1,NULL,NULL),(923,'Paris Telecom','phones59x@gmail.com','$2b$10$2jom.H1KDwDWu7XW34StLOTqt2rxOz7AcMT77Zxl9drNrw7j6vR5W',2,NULL,0,'Osama for mobiles','{\"lat\":\"31.5424521\",\"lng\":\"34.4984546\"}','Salahuddin Street, the intersection of the Islamic University of Murtaja', NULL, NULL,NULL, NULL, NULL,"{\"Saturday\":[\"closed\",\"closed\"],\"Sunday\":[\"closed\",\"closed\"],\"Monday\":[\"closed\",\"closed\"],\"Tuseday\":[\"closed\",\"closed\"],\"Wednesday\":[\"closed\",\"closed\"],\"Thursday\":[\"closed\",\"closed\"],\"Friday\":[\"closed\",\"closed\"]}",1,NULL,NULL),(924,'Amer Aburiala','phones60x@gmail.com','$2b$10$WBcMSsLW6sGVVr5jp6dly.H2qNT1G.BQ2ZK0r7HvEigwFBwx3d6GW',2,NULL,8888147,'Israa for cellular and communications','{\"lat\":\"31.5375067\",\"lng\":\"34.4502133\"}','Gaza North Beach near Loay pharmacy', NULL, NULL,NULL, NULL, NULL,"{\"Saturday\":[\"closed\",\"closed\"],\"Sunday\":[\"closed\",\"closed\"],\"Monday\":[\"closed\",\"closed\"],\"Tuseday\":[\"closed\",\"closed\"],\"Wednesday\":[\"closed\",\"closed\"],\"Thursday\":[\"closed\",\"closed\"],\"Friday\":[\"closed\",\"closed\"]}",1,NULL,NULL),(925,'Sami Al-Kurd','phones61x@gmail.com','$2b$10$8E01EfqNU2BtCjTTsoWkxeOpfAMLRomWRW7VTKAh9XeUY6S0oJ6S2',2,NULL,8888893,'originality','{\"lat\":\"31.41743937\",\"lng\":\"34.35080154\"}','Deir Al-Balah - Main Street', NULL, NULL,NULL, NULL, NULL,"{\"Saturday\":[\"closed\",\"closed\"],\"Sunday\":[\"closed\",\"closed\"],\"Monday\":[\"closed\",\"closed\"],\"Tuseday\":[\"closed\",\"closed\"],\"Wednesday\":[\"closed\",\"closed\"],\"Thursday\":[\"closed\",\"closed\"],\"Friday\":[\"closed\",\"closed\"]}",1,NULL,NULL),(926,'Ramy Mazeed','phones62x@gmail.com','$2b$10$mVmD8dO/f86Z/jlsDY2qMuTsuEZ98XDUBBhkAmKsSxHRbMgTumfce',2,NULL,599455400,'Al-Aseel Tech','{\"lat\":\"31.4184156\",\"lng\":\"34.3494212\"}','Deir Al-Balah Al-Balad - Al-Baraka Junction', NULL, NULL,NULL, NULL, NULL,"{\"Saturday\":[\"closed\",\"closed\"],\"Sunday\":[\"closed\",\"closed\"],\"Monday\":[\"closed\",\"closed\"],\"Tuseday\":[\"closed\",\"closed\"],\"Wednesday\":[\"closed\",\"closed\"],\"Thursday\":[\"closed\",\"closed\"],\"Friday\":[\"closed\",\"closed\"]}",1,NULL,NULL),(927,'Mohammed Ahmed Mahmoud Abu Shawish','phones63x@gmail.com','$2b$10$LNExK51jEx4jHYQRJ6J1puT0o5.R6CBPLfGNDyP4KU8UAuDCyouzy',2,NULL,8888837,'IPhone inherent','{\"lat\":\"31.2792187\",\"lng\":\"34.2554016\"}','Rafah - Al-Awda Roundabout - opposite to Mazaj', NULL, NULL,NULL, NULL, NULL,"{\"Saturday\":[\"closed\",\"closed\"],\"Sunday\":[\"closed\",\"closed\"],\"Monday\":[\"closed\",\"closed\"],\"Tuseday\":[\"closed\",\"closed\"],\"Wednesday\":[\"closed\",\"closed\"],\"Thursday\":[\"closed\",\"closed\"],\"Friday\":[\"closed\",\"closed\"]}",1,NULL,NULL),(929,'Ali Hamed Ashour','phones65x@gmail.com','$2b$10$Ne7KhexqtmYZrVChoIRRJuTGcIw5dall.HeoFmjm01RMoqYnTT9EW',2,NULL,9333374,'Al Aqsa Center for Computer and Mobile Services - Ali Ashour','{\"lat\":\"31.4928062\",\"lng\":\"34.4543958\"}','Gaza olive in front of Shafut', NULL, NULL,NULL, NULL, NULL,"{\"Saturday\":[\"closed\",\"closed\"],\"Sunday\":[\"closed\",\"closed\"],\"Monday\":[\"closed\",\"closed\"],\"Tuseday\":[\"closed\",\"closed\"],\"Wednesday\":[\"closed\",\"closed\"],\"Thursday\":[\"closed\",\"closed\"],\"Friday\":[\"closed\",\"closed\"]}",1,NULL,NULL),(930,'Sami Akila','phones66x@gmail.com','$2b$10$LSrgUQnA5hzHai15eFxO3.qaK2mxhcOelYGw/LyzdDVr.hxu0K7ru',2,NULL,8626827,'Al Aqsa for Mobiles and Accessories _ Sami Akila','{\"lat\":\"31.5116301\",\"lng\":\"34.4400666\"}','University Street - opposite Al-Aqsa University', NULL, NULL,NULL, NULL, NULL,"{\"Saturday\":[\"closed\",\"closed\"],\"Sunday\":[\"closed\",\"closed\"],\"Monday\":[\"closed\",\"closed\"],\"Tuseday\":[\"closed\",\"closed\"],\"Wednesday\":[\"closed\",\"closed\"],\"Thursday\":[\"closed\",\"closed\"],\"Friday\":[\"closed\",\"closed\"]}",1,NULL,NULL),(931,'Amir Abdul Nasser Abdullah Al-Makawi','phones68x@gmail.com','$2b$10$tn4fBFfkuFlXePAk3nArJe2L7/bVSDiTLl5UnNxH5Qqh.PF6z2KNS',2,NULL,8651047,'Prince Fone','{\"lat\":\"31.42177437\",\"lng\":\"34.38352427\"}','Maghazi - next to El-Telbani supermarket', NULL, NULL,NULL, NULL, NULL,"{\"Saturday\":[\"closed\",\"closed\"],\"Sunday\":[\"closed\",\"closed\"],\"Monday\":[\"closed\",\"closed\"],\"Tuseday\":[\"closed\",\"closed\"],\"Wednesday\":[\"closed\",\"closed\"],\"Thursday\":[\"closed\",\"closed\"],\"Friday\":[\"closed\",\"closed\"]}",1,NULL,NULL),(932,'Amir Abu Shamala','phones69x@gmail.com','$2b$10$lT18BnGDl0aVWVIY/mh0TeRAWE7ecILT7R4nIJavobr.7.LJgErFq',2,NULL,9444322,'Prince Communications - Amir Abu Shamala','{\"lat\":\"31.2737741\",\"lng\":\"34.261949\"}','Rafah, Al-Geneina neighborhood, in front of Awad Tower', NULL, NULL,NULL, NULL, NULL,"{\"Saturday\":[\"closed\",\"closed\"],\"Sunday\":[\"closed\",\"closed\"],\"Monday\":[\"closed\",\"closed\"],\"Tuseday\":[\"closed\",\"closed\"],\"Wednesday\":[\"closed\",\"closed\"],\"Thursday\":[\"closed\",\"closed\"],\"Friday\":[\"closed\",\"closed\"]}",1,NULL,NULL),(933,'Walid Asaad Mahmoud Al-Khouli','phones70x@gmail.com','$2b$10$FEi8xix2H9qIurcFVNLAEeXZX./8RXUW6qYHxvevUGCzNvWfc8FGW',2,NULL,598944630,'Al Amin Exchange','{\"lat\":\"31.5053996\",\"lng\":\"34.4319754\"}','Tal Al-Hawa in exchange for first aid', NULL, NULL,NULL, NULL, NULL,"{\"Saturday\":[\"closed\",\"closed\"],\"Sunday\":[\"closed\",\"closed\"],\"Monday\":[\"closed\",\"closed\"],\"Tuseday\":[\"closed\",\"closed\"],\"Wednesday\":[\"closed\",\"closed\"],\"Thursday\":[\"closed\",\"closed\"],\"Friday\":[\"closed\",\"closed\"]}",1,NULL,NULL),(934,'Doaa Aldqas','phones71x@gmail.com','$2b$10$qm5gtgVgIGGqViiK4qVTl.gNOAD6o4V5TFSezvcOQ.FAUiZpJPyle',2,NULL,8659030,'Faith Telecom','{\"lat\":\"31.5453017\",\"lng\":\"34.5217583\"}','Ezbet Beit Hanoun', NULL, NULL,NULL, NULL, NULL,"{\"Saturday\":[\"closed\",\"closed\"],\"Sunday\":[\"closed\",\"closed\"],\"Monday\":[\"closed\",\"closed\"],\"Tuseday\":[\"closed\",\"closed\"],\"Wednesday\":[\"closed\",\"closed\"],\"Thursday\":[\"closed\",\"closed\"],\"Friday\":[\"closed\",\"closed\"]}",1,NULL,NULL),(935,'Muhammad Abu Jama','phones72x@gmail.com','$2b$10$09UCTasPiMBbTuCvwlxew.rLZ9UjkoTh2Xwqze1tPqAIo/UtqBLvm',2,NULL,7111621,'Al-Basha Mobile 2','{\"lat\":\"31.4494723\",\"lng\":\"34.3901823\"}','Opposite the police station', NULL, NULL,NULL, NULL, NULL,"{\"Saturday\":[\"closed\",\"closed\"],\"Sunday\":[\"closed\",\"closed\"],\"Monday\":[\"closed\",\"closed\"],\"Tuseday\":[\"closed\",\"closed\"],\"Wednesday\":[\"closed\",\"closed\"],\"Thursday\":[\"closed\",\"closed\"],\"Friday\":[\"closed\",\"closed\"]}",1,NULL,NULL),(936,'Munther Mustafa Ahmed Al-Bahri','phones73x@gmail.com','$2b$10$DnvSCC3pxdVpR/sIv4xuwOj7sQhyrxwpJPOQirw5FUeUaDAMxxk4i',2,NULL,8740239,'Maritime iPhone','{\"lat\":\"31.5484709\",\"lng\":\"34.5002165\"}','Beit Lahia - Main Street', NULL, NULL,NULL, NULL, NULL,"{\"Saturday\":[\"closed\",\"closed\"],\"Sunday\":[\"closed\",\"closed\"],\"Monday\":[\"closed\",\"closed\"],\"Tuseday\":[\"closed\",\"closed\"],\"Wednesday\":[\"closed\",\"closed\"],\"Thursday\":[\"closed\",\"closed\"],\"Friday\":[\"closed\",\"closed\"]}",1,NULL,NULL),(937,'Wadih Mohamed Salahat','phones74x@gmail.com','$2b$10$lbh/I6wWYb050gU9eBfCWOSgsisLyYujH1hP2q8rGjFBF7auoNVmq',2,NULL,7681031,'Al Bara iPhone','{\"lat\":\"31.4206129\",\"lng\":\"34.3860939\"}','Maghazi is a sympathetic vertigo', NULL, NULL,NULL, NULL, NULL,"{\"Saturday\":[\"closed\",\"closed\"],\"Sunday\":[\"closed\",\"closed\"],\"Monday\":[\"closed\",\"closed\"],\"Tuseday\":[\"closed\",\"closed\"],\"Wednesday\":[\"closed\",\"closed\"],\"Thursday\":[\"closed\",\"closed\"],\"Friday\":[\"closed\",\"closed\"]}",1,NULL,NULL),(938,'Trad Saeed Abu Nasir','phones75x@gmail.com','$2b$10$eTUK1rm62nTXE8ppiG9osO5INU3YAYKHoCWHFZcPpeAKGoLjWefvW',2,NULL,8628957,'Al Buraq','{\"lat\":\"31.40943547\",\"lng\":\"34.34677862\"}','Deir Al-Balah-Al-Hokr-Al-Swireky Roundabout', NULL, NULL,NULL, NULL, NULL,"{\"Saturday\":[\"closed\",\"closed\"],\"Sunday\":[\"closed\",\"closed\"],\"Monday\":[\"closed\",\"closed\"],\"Tuseday\":[\"closed\",\"closed\"],\"Wednesday\":[\"closed\",\"closed\"],\"Thursday\":[\"closed\",\"closed\"],\"Friday\":[\"closed\",\"closed\"]}",1,NULL,NULL),(939,'Mohammed Al-Jubairi','phones80x@gmail.com','$2b$10$8Lu3/UcpG7RsS045ResvbO5Ps0ktm1BgohrHRdM8ZkS8gpDWKAgRy',2,NULL,0,'Al-Jubairi Communications _ Muhammad Al-Jubairi','{\"lat\":\"31.531099\",\"lng\":\"34.4498082\"}','Al Shati - Hamid Street', NULL, NULL,NULL, NULL, NULL,"{\"Saturday\":[\"closed\",\"closed\"],\"Sunday\":[\"closed\",\"closed\"],\"Monday\":[\"closed\",\"closed\"],\"Tuseday\":[\"closed\",\"closed\"],\"Wednesday\":[\"closed\",\"closed\"],\"Thursday\":[\"closed\",\"closed\"],\"Friday\":[\"closed\",\"closed\"]}",1,NULL,NULL),(940,'Rose ascetic','phones81x@gmail.com','$2b$10$kPnMls3oxXH9gB7A7nHEaOJyihUD3SpMAKD0c6uE2upf74ArPSyXW',2,NULL,567981222,'Al-Jazeera phone _ Muhammad Ismail Zuhd','{\"lat\":\"31.44885607\",\"lng\":\"34.39039507\"}','Nuseirat', NULL, NULL,NULL, NULL, NULL,"{\"Saturday\":[\"closed\",\"closed\"],\"Sunday\":[\"closed\",\"closed\"],\"Monday\":[\"closed\",\"closed\"],\"Tuseday\":[\"closed\",\"closed\"],\"Wednesday\":[\"closed\",\"closed\"],\"Thursday\":[\"closed\",\"closed\"],\"Friday\":[\"closed\",\"closed\"]}",1,NULL,NULL),(941,'Abdullah Rashwan','phones82x@gmail.com','$2b$10$A5LUNHAHhy3le4B1Rxg80ui0QS2igBVYbfy6PaeIBkbKm1JT8fakG',2,NULL,8699718,'Al Hassan Exchange and Mobile Devices','{\"lat\":\"31.2840457\",\"lng\":\"34.2507142\"}','Rafah Western Garage', NULL, NULL,NULL, NULL, NULL,"{\"Saturday\":[\"closed\",\"closed\"],\"Sunday\":[\"closed\",\"closed\"],\"Monday\":[\"closed\",\"closed\"],\"Tuseday\":[\"closed\",\"closed\"],\"Wednesday\":[\"closed\",\"closed\"],\"Thursday\":[\"closed\",\"closed\"],\"Friday\":[\"closed\",\"closed\"]}",1,NULL,NULL),(942,'Hossam El Helou','phones83x@gmail.com','$2b$10$qdFubLDSvXTo0r2ALwBY4OAqs1R5R4CZHmtRGl4DcjH7BnNiRCoTe',2,NULL,8888046,'Sweet alo','{\"lat\":\"31.5174723\",\"lng\":\"34.4519641\"}','Gaza - Al-Rimal - Al-Wehda Street - next to Al-Shawa and Al-Hosary Tower', NULL, NULL,NULL, NULL, NULL,"{\"Saturday\":[\"closed\",\"closed\"],\"Sunday\":[\"closed\",\"closed\"],\"Monday\":[\"closed\",\"closed\"],\"Tuseday\":[\"closed\",\"closed\"],\"Wednesday\":[\"closed\",\"closed\"],\"Thursday\":[\"closed\",\"closed\"],\"Friday\":[\"closed\",\"closed\"]}",1,NULL,NULL),(943,'Ahmed El Helou','phones84x@gmail.com','$2b$10$JaeUnGijJU3FJAKPK5kgbuaSoyQf0tsrvwqZKE/RhaMM7O.nJkk12',2,NULL,8653178,'Helo Telecom','{\"lat\":\"31.44825917\",\"lng\":\"34.39197023\"}','Nuseirat, opposite Abu Dalal supermarket', NULL, NULL,NULL, NULL, NULL,"{\"Saturday\":[\"closed\",\"closed\"],\"Sunday\":[\"closed\",\"closed\"],\"Monday\":[\"closed\",\"closed\"],\"Tuseday\":[\"closed\",\"closed\"],\"Wednesday\":[\"closed\",\"closed\"],\"Thursday\":[\"closed\",\"closed\"],\"Friday\":[\"closed\",\"closed\"]}",1,NULL,NULL),(944,'Fatima Halouli','phones85x@gmail.com','$2b$10$hfA1KvWr11J/H.gJmw.c3uNrLSfWE.P3XG7R56rxJz2dQslnY0MlG',2,NULL,569444661,'IPhone solution','{\"lat\":\"31.4901218\",\"lng\":\"34.459594\"}','Shejaeya - Mansoura Friday Market', NULL, NULL,NULL, NULL, NULL,"{\"Saturday\":[\"closed\",\"closed\"],\"Sunday\":[\"closed\",\"closed\"],\"Monday\":[\"closed\",\"closed\"],\"Tuseday\":[\"closed\",\"closed\"],\"Wednesday\":[\"closed\",\"closed\"],\"Thursday\":[\"closed\",\"closed\"],\"Friday\":[\"closed\",\"closed\"]}",1,NULL,NULL),(945,'Muhammad Al-Hamarneh','phones86x@gmail.com','$2b$10$4w4z68dEJH42eVvH1WZms.sWYpi..b8OsNT3CQ/XXC1oskaDzI64.',2,NULL,7433399,'Al-Hamarneh Center _ Muhammad Al-Hamarneh','{\"lat\":\"31.2837172\",\"lng\":\"34.249601\"}','Rafah - Al-Balad - Yebna camp', NULL, NULL,NULL, NULL, NULL,"{\"Saturday\":[\"closed\",\"closed\"],\"Sunday\":[\"closed\",\"closed\"],\"Monday\":[\"closed\",\"closed\"],\"Tuseday\":[\"closed\",\"closed\"],\"Wednesday\":[\"closed\",\"closed\"],\"Thursday\":[\"closed\",\"closed\"],\"Friday\":[\"closed\",\"closed\"]}",1,NULL,NULL),(946,'Attia Muhammad Mahmoud Qeshta','phones87x@gmail.com','$2b$10$tPfqPlkLkroh.e4Tdw.Lyuh.ZpFAQLAnBUUsjjSmliOtPHbf2IaGC',2,NULL,7866608,'Al-Hamad Telecom _ Attia Qeshta','{\"lat\":\"31.2760594\",\"lng\":\"34.2517574\"}','Rafah', NULL, NULL,NULL, NULL, NULL,"{\"Saturday\":[\"closed\",\"closed\"],\"Sunday\":[\"closed\",\"closed\"],\"Monday\":[\"closed\",\"closed\"],\"Tuseday\":[\"closed\",\"closed\"],\"Wednesday\":[\"closed\",\"closed\"],\"Thursday\":[\"closed\",\"closed\"],\"Friday\":[\"closed\",\"closed\"]}",1,NULL,NULL),(947,'Ahmed Ibrahim Mahmoud Al-Khatib','phones88x@gmail.com','$2b$10$UQZq.kz3zM4SaUSXGDlMBOa2sv7q.nB/w210EdTIEsdpLbzgvNatW',2,NULL,8636114,'Khatib_Ahmed Al-Khatib','{\"lat\":\"31.5003077\",\"lng\":\"34.4373914\"}','Young Community College entrance', NULL, NULL,NULL, NULL, NULL,"{\"Saturday\":[\"closed\",\"closed\"],\"Sunday\":[\"closed\",\"closed\"],\"Monday\":[\"closed\",\"closed\"],\"Tuseday\":[\"closed\",\"closed\"],\"Wednesday\":[\"closed\",\"closed\"],\"Thursday\":[\"closed\",\"closed\"],\"Friday\":[\"closed\",\"closed\"]}",1,NULL,NULL),(948,'Hamouda Atef Hamouda Awad','phones89x@gmail.com','$2b$10$I2YY.YdKiz5KC9JuD5rai..N2pMwcCF9ruBIUNDgSfdF.nOA7A3H.',2,NULL,8749645,'Desouki iPhone','{\"lat\":\"31.536977\",\"lng\":\"34.468361\"}','The third street, Al-Ghazali Junction', NULL, NULL,NULL, NULL, NULL,"{\"Saturday\":[\"closed\",\"closed\"],\"Sunday\":[\"closed\",\"closed\"],\"Monday\":[\"closed\",\"closed\"],\"Tuseday\":[\"closed\",\"closed\"],\"Wednesday\":[\"closed\",\"closed\"],\"Thursday\":[\"closed\",\"closed\"],\"Friday\":[\"closed\",\"closed\"]}",1,NULL,NULL),(949,'Shehta Mohammed Shehda Al-Dalu','phones90x@gmail.com','$2b$10$ZhpiNESc4H52nMawf02IhOH/qZsXhjtbSRtKpiXJ1BBEc9mj5UqPO',2,NULL,8606218,'Aquarius for Telecom and Internet','{\"lat\":\"31.5248412\",\"lng\":\"34.4692009\"}','Al-Nafaq Street, next to Al-Ghufran Mosque, in front of Al-Yazji Laundry', NULL, NULL,NULL, NULL, NULL,"{\"Saturday\":[\"closed\",\"closed\"],\"Sunday\":[\"closed\",\"closed\"],\"Monday\":[\"closed\",\"closed\"],\"Tuseday\":[\"closed\",\"closed\"],\"Wednesday\":[\"closed\",\"closed\"],\"Thursday\":[\"closed\",\"closed\"],\"Friday\":[\"closed\",\"closed\"]}",1,NULL,NULL),(950,'Emad Abu Oweimer','phones91x@gmail.com','$2b$10$PgeFSWudx2jN3a0HU9zLmuh4xcDiiZKOVLcTY4KdfGykdiHdhxJV.',2,NULL,7391922,'IPhone International','{\"lat\":\"31.4224766\",\"lng\":\"34.3825444\"}','Main Street', NULL, NULL,NULL, NULL, NULL,"{\"Saturday\":[\"closed\",\"closed\"],\"Sunday\":[\"closed\",\"closed\"],\"Monday\":[\"closed\",\"closed\"],\"Tuseday\":[\"closed\",\"closed\"],\"Wednesday\":[\"closed\",\"closed\"],\"Thursday\":[\"closed\",\"closed\"],\"Friday\":[\"closed\",\"closed\"]}",1,NULL,NULL),(951,'Demi iPhone','phones92x@gmail.com','$2b$10$GlxF9UA5K.ZPla8ZhHZyZO4NzjgXAXNsBCjEuM6fqiNEOzO9ecfqW',2,NULL,568888344,'Al-Dimasy fon _Ahmed Al-Dimasy','{\"lat\":\"31.5303532\",\"lng\":\"34.4550826\"}','U / text next to the Steps mall', NULL, NULL,NULL, NULL, NULL,"{\"Saturday\":[\"closed\",\"closed\"],\"Sunday\":[\"closed\",\"closed\"],\"Monday\":[\"closed\",\"closed\"],\"Tuseday\":[\"closed\",\"closed\"],\"Wednesday\":[\"closed\",\"closed\"],\"Thursday\":[\"closed\",\"closed\"],\"Friday\":[\"closed\",\"closed\"]}",1,NULL,NULL),(952,'My wife','phones93x@gmail.com','$2b$10$nJrJvYzLyITdMDrUXHX1Mu4xOxwbL7Ah67xXoU6FaGG3b70TK0oLK',2,NULL,8390418,'Refati Tech for the computer','{\"lat\":\"31.514981\",\"lng\":\"34.4690899\"}','Gaza Al-Masharah - in front of Al-Mashharawi Factory', NULL, NULL,NULL, NULL, NULL,"{\"Saturday\":[\"closed\",\"closed\"],\"Sunday\":[\"closed\",\"closed\"],\"Monday\":[\"closed\",\"closed\"],\"Tuseday\":[\"closed\",\"closed\"],\"Wednesday\":[\"closed\",\"closed\"],\"Thursday\":[\"closed\",\"closed\"],\"Friday\":[\"closed\",\"closed\"]}",1,NULL,NULL),(953,'Ahmed Shaker Salman Rawa\'a','phones94x@gmail.com','$2b$10$Kl8EN1up7RfcCZO9G.0bneMBJUDTPsV9PQ1CguUrcuPN8oN15hNSG',2,NULL,8630347,'Al Rawagh Center for Communications - Ahmed Al Rawagh','{\"lat\":\"31.5254027\",\"lng\":\"34.4639958\"}','Galaa Street, Abdel Aal Junction', NULL, NULL,NULL, NULL, NULL,"{\"Saturday\":[\"closed\",\"closed\"],\"Sunday\":[\"closed\",\"closed\"],\"Monday\":[\"closed\",\"closed\"],\"Tuseday\":[\"closed\",\"closed\"],\"Wednesday\":[\"closed\",\"closed\"],\"Thursday\":[\"closed\",\"closed\"],\"Friday\":[\"closed\",\"closed\"]}",1,NULL,NULL),(954,'Omar Mohammed Mahmoud Al-Riyati','phones95x@gmail.com','$2b$10$FLt5ylc.cJkyd8lcEVr6ZuKpN6M8aVtz2W3b.7EolKV3A7oQwE89e',2,NULL,567458880,'Al-Riyati Communications','{\"lat\":\"31.41783411\",\"lng\":\"34.35007095\"}','Main Street', NULL, NULL,NULL, NULL, NULL,"{\"Saturday\":[\"closed\",\"closed\"],\"Sunday\":[\"closed\",\"closed\"],\"Monday\":[\"closed\",\"closed\"],\"Tuseday\":[\"closed\",\"closed\"],\"Wednesday\":[\"closed\",\"closed\"],\"Thursday\":[\"closed\",\"closed\"],\"Friday\":[\"closed\",\"closed\"]}",1,NULL,NULL),(955,'Moataz Al-Zeraei','phones96x@gmail.com','$2b$10$a9zB2ZazSbhI1gVnlknT/eOiwkIGjKwpOilvpUyEILCvNoJlc4xP.',2,NULL,8785028,'Al-Zuraie','{\"lat\":\"31.41948005\",\"lng\":\"34.3473411\"}','Deir Al-Balah - Jaffa Street', NULL, NULL,NULL, NULL, NULL,"{\"Saturday\":[\"closed\",\"closed\"],\"Sunday\":[\"closed\",\"closed\"],\"Monday\":[\"closed\",\"closed\"],\"Tuseday\":[\"closed\",\"closed\"],\"Wednesday\":[\"closed\",\"closed\"],\"Thursday\":[\"closed\",\"closed\"],\"Friday\":[\"closed\",\"closed\"]}",1,NULL,NULL),(956,'Rashid Saad Eddin Rashid Al-Zaeem','phones98x@gmail.com','$2b$10$2707DwLraPqadUtufh2H0erVLw5NnNCWHw44Mrod5monlGhM1j8ki',2,NULL,568888054,'IPhone Telecom Leader','{\"lat\":\"31.4996892\",\"lng\":\"34.4391902\"}','Gaza Tal Al-Hawa Community College', NULL, NULL,NULL, NULL, NULL,"{\"Saturday\":[\"closed\",\"closed\"],\"Sunday\":[\"closed\",\"closed\"],\"Monday\":[\"closed\",\"closed\"],\"Tuseday\":[\"closed\",\"closed\"],\"Wednesday\":[\"closed\",\"closed\"],\"Thursday\":[\"closed\",\"closed\"],\"Friday\":[\"closed\",\"closed\"]}",1,NULL,NULL),(957,'Ziad Al-Jaidi','phones99x@gmail.com','$2b$10$l0W6ETXZ.yKakE40qoSh1uq1q2VKaAQplPUb0lcqbrTQI3l8tDvLe',2,NULL,8687521,'Al-Zaeem Communications _ Ziad Al-Jaidi','{\"lat\":\"31.2826507\",\"lng\":\"34.25216\"}','Rafah Al Bahr Street', NULL, NULL,NULL, NULL, NULL,"{\"Saturday\":[\"closed\",\"closed\"],\"Sunday\":[\"closed\",\"closed\"],\"Monday\":[\"closed\",\"closed\"],\"Tuseday\":[\"closed\",\"closed\"],\"Wednesday\":[\"closed\",\"closed\"],\"Thursday\":[\"closed\",\"closed\"],\"Friday\":[\"closed\",\"closed\"]}",1,NULL,NULL),(958,'Abdul Rahman Numan Abdul Rahman Hamid','phones101x@gmail.com','$2b$10$WMt2LmAon4Xi3j1Ltyp/auVSU.uJROHA76SI5R/Royx5JTTTsj1Na',2,NULL,8712951,'Al-Zaeem Communications _ Noaman Hamid','{\"lat\":\"31.5328888\",\"lng\":\"34.4996153\"}','Al Houja Street', NULL, NULL,NULL, NULL, NULL,"{\"Saturday\":[\"closed\",\"closed\"],\"Sunday\":[\"closed\",\"closed\"],\"Monday\":[\"closed\",\"closed\"],\"Tuseday\":[\"closed\",\"closed\"],\"Wednesday\":[\"closed\",\"closed\"],\"Thursday\":[\"closed\",\"closed\"],\"Friday\":[\"closed\",\"closed\"]}",1,NULL,NULL),(959,'Nahed Ahmed','phones100x@gmail.com','$2b$10$GcHJ.LuItXlIYFTaTrpGT.BDJLH12v6xcmntSa5HOS5g0yoNgEY3C',2,NULL,8636778,'Al-Zaeem Telecom _ Nahedh Hameed','{\"lat\":\"31.5480926\",\"lng\":\"34.5007731\"}','Beit Lahia next to Al Quds Bank', NULL, NULL,NULL, NULL, NULL,"{\"Saturday\":[\"closed\",\"closed\"],\"Sunday\":[\"closed\",\"closed\"],\"Monday\":[\"closed\",\"closed\"],\"Tuseday\":[\"closed\",\"closed\"],\"Wednesday\":[\"closed\",\"closed\"],\"Thursday\":[\"closed\",\"closed\"],\"Friday\":[\"closed\",\"closed\"]}",1,NULL,NULL),(960,'Ramzi Ramadan Saeed Nofal','phones102x@gmail.com','$2b$10$.WHKR/M8F5.Kjel7pali3eP3seR/XOUtXKhunyS2.e2foR3UfggoC',2,NULL,8642837,'Al-Sarraj Ramzi Nofal','{\"lat\":\"31.4996193\",\"lng\":\"34.4550489\"}','Olives Junction Abu Habib', NULL, NULL,NULL, NULL, NULL,"{\"Saturday\":[\"closed\",\"closed\"],\"Sunday\":[\"closed\",\"closed\"],\"Monday\":[\"closed\",\"closed\"],\"Tuseday\":[\"closed\",\"closed\"],\"Wednesday\":[\"closed\",\"closed\"],\"Thursday\":[\"closed\",\"closed\"],\"Friday\":[\"closed\",\"closed\"]}",1,NULL,NULL),(961,'Mahmoud Hussein Subhi Al-Serhi','phones103x@gmail.com','$2b$10$0pGG9KaH4FP/VX5gVEh6qeW5qxHMqyXZdkukRmug2AWBB4sW6nR.W',2,NULL,9444667,'Al Serahi Telecom','{\"lat\":\"31.5151815\",\"lng\":\"34.4661485\"}','Gaza Tunnel Street', NULL, NULL,NULL, NULL, NULL,"{\"Saturday\":[\"closed\",\"closed\"],\"Sunday\":[\"closed\",\"closed\"],\"Monday\":[\"closed\",\"closed\"],\"Tuseday\":[\"closed\",\"closed\"],\"Wednesday\":[\"closed\",\"closed\"],\"Thursday\":[\"closed\",\"closed\"],\"Friday\":[\"closed\",\"closed\"]}",1,NULL,NULL),(962,'Nael Mohamed Hassan Youssef Al-Serhi','phones104x@gmail.com','$2b$10$bdLbbubTITwtwcMvu0zBk.9PSwgrKdM58f3EgW8fERXNbbbw0gAzG',2,NULL,8765976,'Al-Sarrahi Mobiles','{\"lat\":\"31.4958772\",\"lng\":\"34.4565269\"}','Olives in front of Tramba Dalloul', NULL, NULL,NULL, NULL, NULL,"{\"Saturday\":[\"closed\",\"closed\"],\"Sunday\":[\"closed\",\"closed\"],\"Monday\":[\"closed\",\"closed\"],\"Tuseday\":[\"closed\",\"closed\"],\"Wednesday\":[\"closed\",\"closed\"],\"Thursday\":[\"closed\",\"closed\"],\"Friday\":[\"closed\",\"closed\"]}",1,NULL,NULL),(963,'Hamid Farag Allah','phones105x@gmail.com','$2b$10$/5YDNZzispOXr8RHGqpZLO6jlnuX9KS/z8JTx2fMAKeReOgJB.L42',2,NULL,6000170,'Sultan_hamed Faraj Allah','{\"lat\":\"31.44898104\",\"lng\":\"34.39354761\"}','East of Al-Qassam Mosque', NULL, NULL,NULL, NULL, NULL,"{\"Saturday\":[\"closed\",\"closed\"],\"Sunday\":[\"closed\",\"closed\"],\"Monday\":[\"closed\",\"closed\"],\"Tuseday\":[\"closed\",\"closed\"],\"Wednesday\":[\"closed\",\"closed\"],\"Thursday\":[\"closed\",\"closed\"],\"Friday\":[\"closed\",\"closed\"]}",1,NULL,NULL),(964,'Ammar Mustafa Al-Salloul','phones106x@gmail.com','$2b$10$5NA2l0pZuoV6fcC11uLW.eHKco7NDDiK7VR62MsuQMMHXazS.jDiu',2,NULL,8667863,'Cellul Brothers','{\"lat\":\"31.44099579\",\"lng\":\"34.38256837\"}','Nuseirat - camp 2', NULL, NULL,NULL, NULL, NULL,"{\"Saturday\":[\"closed\",\"closed\"],\"Sunday\":[\"closed\",\"closed\"],\"Monday\":[\"closed\",\"closed\"],\"Tuseday\":[\"closed\",\"closed\"],\"Wednesday\":[\"closed\",\"closed\"],\"Thursday\":[\"closed\",\"closed\"],\"Friday\":[\"closed\",\"closed\"]}",1,NULL,NULL),(965,'Hani Al-Shibli','phones107x@gmail.com','$2b$10$2QUTJU6mAfcnkuBquqa6y.horru9ZxPCY0OsdnbNnX/UUgHDaqEw2',2,NULL,7281100,'Al Shibli Mobile','{\"lat\":\"31.4216959\",\"lng\":\"34.3835959\"}','Main Street', NULL, NULL,NULL, NULL, NULL,"{\"Saturday\":[\"closed\",\"closed\"],\"Sunday\":[\"closed\",\"closed\"],\"Monday\":[\"closed\",\"closed\"],\"Tuseday\":[\"closed\",\"closed\"],\"Wednesday\":[\"closed\",\"closed\"],\"Thursday\":[\"closed\",\"closed\"],\"Friday\":[\"closed\",\"closed\"]}",1,NULL,NULL),(966,'Hussein Muhammad Hosni Al-Sharafi','phones109x@gmail.com','$2b$10$1LR7/h9P3T7q9wsyNqfMS.OS//BN4mFldm3XzXQFk7RSeWdLUEncG',2,NULL,8888819,'Ash-Sharafi','{\"lat\":\"31.5327705\",\"lng\":\"34.4956603\"}','The camp is opposite the police station', NULL, NULL,NULL, NULL, NULL,"{\"Saturday\":[\"closed\",\"closed\"],\"Sunday\":[\"closed\",\"closed\"],\"Monday\":[\"closed\",\"closed\"],\"Tuseday\":[\"closed\",\"closed\"],\"Wednesday\":[\"closed\",\"closed\"],\"Thursday\":[\"closed\",\"closed\"],\"Friday\":[\"closed\",\"closed\"]}",1,NULL,NULL),(967,'Amer Fathy Matbouli','phones108x@gmail.com','$2b$10$nrgkab2yOjlBotJmDKwERO9dkJuIPeQf2aLAfaqG74UFdvARoUfI2',2,NULL,568880016,'Shojaeya Telecom','{\"lat\":\"31.4999588\",\"lng\":\"34.4705062\"}','Gaza Shojaeya Baghdad Street', NULL, NULL,NULL, NULL, NULL,"{\"Saturday\":[\"closed\",\"closed\"],\"Sunday\":[\"closed\",\"closed\"],\"Monday\":[\"closed\",\"closed\"],\"Tuseday\":[\"closed\",\"closed\"],\"Wednesday\":[\"closed\",\"closed\"],\"Thursday\":[\"closed\",\"closed\"],\"Friday\":[\"closed\",\"closed\"]}",1,NULL,NULL),(968,'Fadi Hassouneh','phones110x@gmail.com','$2b$10$VV/CRkNXoazxbTgDooIa9ONYWeLwaQWLtMzRIwfU5ff7qaV4VuMAm',2,NULL,7900800,'Palestinian Company for Antennas_Fadi Hassouna','{\"lat\":\"31.5074697\",\"lng\":\"34.4377845\"}','Gaza Industry Street', NULL, NULL,NULL, NULL, NULL,"{\"Saturday\":[\"closed\",\"closed\"],\"Sunday\":[\"closed\",\"closed\"],\"Monday\":[\"closed\",\"closed\"],\"Tuseday\":[\"closed\",\"closed\"],\"Wednesday\":[\"closed\",\"closed\"],\"Thursday\":[\"closed\",\"closed\"],\"Friday\":[\"closed\",\"closed\"]}",1,NULL,NULL),(969,'Mahmoud Abdul Majeed Al Sharif','phones111x@gmail.com','$2b$10$IXvixDCfKrG/dE2MME.vYuCnT1dUkoj9JNra8INRbamOQ80Yss2Va',2,NULL,8889488,'Sharif Telecom','{\"lat\":\"31.42473077\",\"lng\":\"34.33987716\"}','Camp', NULL, NULL,NULL, NULL, NULL,"{\"Saturday\":[\"closed\",\"closed\"],\"Sunday\":[\"closed\",\"closed\"],\"Monday\":[\"closed\",\"closed\"],\"Tuseday\":[\"closed\",\"closed\"],\"Wednesday\":[\"closed\",\"closed\"],\"Thursday\":[\"closed\",\"closed\"],\"Friday\":[\"closed\",\"closed\"]}",1,NULL,NULL),(970,'Suhail Mohammed Hassan Shehadeh','phones112x@gmail.com','$2b$10$22pxeBPv/Qgy8oAh951Ar.C.lcpbf1ZCGmZtdrA7UfHDNZXpWkqfe',2,NULL,599441030,'Shaima Fon_Suhail Shehadeh','{\"lat\":\"31.4922618\",\"lng\":\"34.456166\"}','Al-Zaitoun / next to Al-Abrar Mosque', NULL, NULL,NULL, NULL, NULL,"{\"Saturday\":[\"closed\",\"closed\"],\"Sunday\":[\"closed\",\"closed\"],\"Monday\":[\"closed\",\"closed\"],\"Tuseday\":[\"closed\",\"closed\"],\"Wednesday\":[\"closed\",\"closed\"],\"Thursday\":[\"closed\",\"closed\"],\"Friday\":[\"closed\",\"closed\"]}",1,NULL,NULL),(971,'Jumaa Nabil Al-Sarafandi','phones113x@gmail.com','$2b$10$b5eDzDzypQw4dm.ESOMEOeQDB52osq7BHRK8AHeS.HprmQox9xEBW',2,NULL,7075070,'Sarafandi Mobile','{\"lat\":\"31.4486096\",\"lng\":\"34.39179769\"}','Next to Abu Dalal supermarket', NULL, NULL,NULL, NULL, NULL,"{\"Saturday\":[\"closed\",\"closed\"],\"Sunday\":[\"closed\",\"closed\"],\"Monday\":[\"closed\",\"closed\"],\"Tuseday\":[\"closed\",\"closed\"],\"Wednesday\":[\"closed\",\"closed\"],\"Thursday\":[\"closed\",\"closed\"],\"Friday\":[\"closed\",\"closed\"]}",1,NULL,NULL),(972,'Mahmoud Dahoudi','phones114x@gmail.com','$2b$10$7.6nPpmMWm4lFLy4mVz.re0.XA8G15Oy0dICT1RqH9bhRl49..7Gm',2,NULL,568888834,'Al-Zafer Mobile','{\"lat\":\"31.2841063\",\"lng\":\"34.2507681\"}','Rafah', NULL, NULL,NULL, NULL, NULL,"{\"Saturday\":[\"closed\",\"closed\"],\"Sunday\":[\"closed\",\"closed\"],\"Monday\":[\"closed\",\"closed\"],\"Tuseday\":[\"closed\",\"closed\"],\"Wednesday\":[\"closed\",\"closed\"],\"Thursday\":[\"closed\",\"closed\"],\"Friday\":[\"closed\",\"closed\"]}",1,NULL,NULL),(973,'Ahmed Omar Mohammed Al Madhoun','phones115x@gmail.com','$2b$10$v4X1ivvCuR6A.HoUFGglZeS60uIOCE3KSM0/Kalru6qS3WXI3A2C6',2,NULL,72268966,'Global Tech','{\"lat\":\"31.5323163\",\"lng\":\"34.468631\"}','Sheikh Radwan first street next to Mahran\'s kitchen', NULL, NULL,NULL, NULL, NULL,"{\"Saturday\":[\"closed\",\"closed\"],\"Sunday\":[\"closed\",\"closed\"],\"Monday\":[\"closed\",\"closed\"],\"Tuseday\":[\"closed\",\"closed\"],\"Wednesday\":[\"closed\",\"closed\"],\"Thursday\":[\"closed\",\"closed\"],\"Friday\":[\"closed\",\"closed\"]}",1,NULL,NULL),(974,'Alaa Mahmoud Ali Barhoum','phones116x@gmail.com','$2b$10$ExxsimtWao5mdBAEkM/0yOgxcXrwOWyJ9KOriLLAtYhspiWZE0JmC',2,NULL,8888821,'Covenant Mobile','{\"lat\":\"31.2764921\",\"lng\":\"34.257334\"}','Rafah - Eastern Garage - next to Al-Sham Modern Bakery', NULL, NULL,NULL, NULL, NULL,"{\"Saturday\":[\"closed\",\"closed\"],\"Sunday\":[\"closed\",\"closed\"],\"Monday\":[\"closed\",\"closed\"],\"Tuseday\":[\"closed\",\"closed\"],\"Wednesday\":[\"closed\",\"closed\"],\"Thursday\":[\"closed\",\"closed\"],\"Friday\":[\"closed\",\"closed\"]}",1,NULL,NULL),(975,'Arabi','phones118x@gmail.com','$2b$10$132EonUYustyzxh87Gjy5eg07fYjodk.5/BBNvmgCb38a5Br/NFIu',2,NULL,7700131,'Al Arabi for electrical and cellular devices','{\"lat\":\"31.4929944\",\"lng\":\"34.4691931\"}','Shirajia', NULL, NULL,NULL, NULL, NULL,"{\"Saturday\":[\"closed\",\"closed\"],\"Sunday\":[\"closed\",\"closed\"],\"Monday\":[\"closed\",\"closed\"],\"Tuseday\":[\"closed\",\"closed\"],\"Wednesday\":[\"closed\",\"closed\"],\"Thursday\":[\"closed\",\"closed\"],\"Friday\":[\"closed\",\"closed\"]}",1,NULL,NULL),(976,'Fadi Zoroub','phones119x@gmail.com','$2b$10$3jOvQn3T7ssgVc03namwyecCSe7l9D2EWQS0JVDZbKZEHJFv0M6IK',2,NULL,8749449,'Al Areesh Telecom - Fadi Zoroub','{\"lat\":\"31.303301\",\"lng\":\"34.2386169\"}','Rafah / West Rafah, next to Bank of Palestine', NULL, NULL,NULL, NULL, NULL,"{\"Saturday\":[\"closed\",\"closed\"],\"Sunday\":[\"closed\",\"closed\"],\"Monday\":[\"closed\",\"closed\"],\"Tuseday\":[\"closed\",\"closed\"],\"Wednesday\":[\"closed\",\"closed\"],\"Thursday\":[\"closed\",\"closed\"],\"Friday\":[\"closed\",\"closed\"]}",1,NULL,NULL),(977,'Ayman Mohammed Najeeb Al-Aklouk','phones120x@gmail.com','$2b$10$KxsRtCsQU2CRYiCkBYk/vumIkPVe2GfHO36DunOH/gYn/BhE7yee6',2,NULL,7275558,'Alaklouk Mobile','{\"lat\":\"31.5022984\",\"lng\":\"34.4650066\"}','Omar Al-Mukhtar next to the Church of the Latin Monastery', NULL, NULL,NULL, NULL, NULL,"{\"Saturday\":[\"closed\",\"closed\"],\"Sunday\":[\"closed\",\"closed\"],\"Monday\":[\"closed\",\"closed\"],\"Tuseday\":[\"closed\",\"closed\"],\"Wednesday\":[\"closed\",\"closed\"],\"Thursday\":[\"closed\",\"closed\"],\"Friday\":[\"closed\",\"closed\"]}",1,NULL,NULL),(978,'Ahmed Ibrahim Salim Al-Amrani','phones121x@gmail.com','$2b$10$QygvtK/9YxUM3Bllwqd49udQJc7jMJAgFGY2jRBLVOGZLg9dt1mQu',2,NULL,2780580,'Al-Omrani Telecom','{\"lat\":\"31.2847599\",\"lng\":\"34.2577135\"}','Rafah al-Najma Street, Sikka Street', NULL, NULL,NULL, NULL, NULL,"{\"Saturday\":[\"closed\",\"closed\"],\"Sunday\":[\"closed\",\"closed\"],\"Monday\":[\"closed\",\"closed\"],\"Tuseday\":[\"closed\",\"closed\"],\"Wednesday\":[\"closed\",\"closed\"],\"Thursday\":[\"closed\",\"closed\"],\"Friday\":[\"closed\",\"closed\"]}",1,NULL,NULL),(979,'Saeed Hamdan Deeb Al-Ghra','phones122x@gmail.com','$2b$10$m2nTsGa0f1Dw3TQ2n16vTOwgjopM/ffonYMESccYVVvugd9t5xdLG',2,NULL,568611582,'Al-Ghurra Communications - Said Al-Ghurra','{\"lat\":\"31.5000111\",\"lng\":\"34.4381644\"}','8th Street', NULL, NULL,NULL, NULL, NULL,"{\"Saturday\":[\"closed\",\"closed\"],\"Sunday\":[\"closed\",\"closed\"],\"Monday\":[\"closed\",\"closed\"],\"Tuseday\":[\"closed\",\"closed\"],\"Wednesday\":[\"closed\",\"closed\"],\"Thursday\":[\"closed\",\"closed\"],\"Friday\":[\"closed\",\"closed\"]}",1,NULL,NULL),(980,'Jihad Al-Ghandour','phones123x@gmail.com','$2b$10$Q81vtl9exldDhFiF.2l2HeNaksIeblOjaXO..429uysr4vNtTrdt2',2,NULL,7670333,'Al-Ghandour, Jihad Al-Ghandour','{\"lat\":\"31.5349119\",\"lng\":\"34.4977707\"}','Jabalia Camp - Al-Hawja', NULL, NULL,NULL, NULL, NULL,"{\"Saturday\":[\"closed\",\"closed\"],\"Sunday\":[\"closed\",\"closed\"],\"Monday\":[\"closed\",\"closed\"],\"Tuseday\":[\"closed\",\"closed\"],\"Wednesday\":[\"closed\",\"closed\"],\"Thursday\":[\"closed\",\"closed\"],\"Friday\":[\"closed\",\"closed\"]}",1,NULL,NULL),(981,'Youssef Hamada','phones124x@gmail.com','$2b$10$V4eTN1xF5XIdo9w8EaC84uBhKNH7vXH9aTjiMUK4E8c/ZC.N43rhK',2,NULL,8667923,'Alpha Hamada','{\"lat\":\"31.5398248\",\"lng\":\"34.4648665\"}','Gaza-Al-Nasr-Public Security intersection, next to Al-Yazji Bakery', NULL, NULL,NULL, NULL, NULL,"{\"Saturday\":[\"closed\",\"closed\"],\"Sunday\":[\"closed\",\"closed\"],\"Monday\":[\"closed\",\"closed\"],\"Tuseday\":[\"closed\",\"closed\"],\"Wednesday\":[\"closed\",\"closed\"],\"Thursday\":[\"closed\",\"closed\"],\"Friday\":[\"closed\",\"closed\"]}",1,NULL,NULL),(982,'Faris Hassan Khalil Abu Daher','phones125x@gmail.com','$2b$10$R291KUiqxAPVDSoykP4ZB.0I44eBlp3KXWLaBuWr9.rbhffSjl.jO',2,NULL,567444862,'Al Faris Telecom','{\"lat\":\"31.5327876\",\"lng\":\"34.4960167\"}','Next to the national', NULL, NULL,NULL, NULL, NULL,"{\"Saturday\":[\"closed\",\"closed\"],\"Sunday\":[\"closed\",\"closed\"],\"Monday\":[\"closed\",\"closed\"],\"Tuseday\":[\"closed\",\"closed\"],\"Wednesday\":[\"closed\",\"closed\"],\"Thursday\":[\"closed\",\"closed\"],\"Friday\":[\"closed\",\"closed\"]}",1,NULL,NULL),(983,'Hassan Salah Hassan Abu Zahir','phones127x@gmail.com','$2b$10$99P6Ez/FazOktDSSfTobEOI7DqH6vb8RpTq8QF3qnn72E3weLZo2O',2,NULL,8651731,'Al Forsan Telecom','{\"lat\":\"31.5364166\",\"lng\":\"34.5052727\"}','Gaza - North - Abu Eita roundabout - Al-Awda Hospital entrance', NULL, NULL,NULL, NULL, NULL,"{\"Saturday\":[\"closed\",\"closed\"],\"Sunday\":[\"closed\",\"closed\"],\"Monday\":[\"closed\",\"closed\"],\"Tuseday\":[\"closed\",\"closed\"],\"Wednesday\":[\"closed\",\"closed\"],\"Thursday\":[\"closed\",\"closed\"],\"Friday\":[\"closed\",\"closed\"]}",1,NULL,NULL),(984,'Majdi Shafiq Khaled Ahmed Abu Shawish','phones129x@gmail.com','$2b$10$Y9H4nITwpkLafHHrgteVXOn.gI0UD9fyPeHFYBhM0X3R7pPm.vJPy',2,NULL,599732073,'Alma Telecom','{\"lat\":\"31.44211279\",\"lng\":\"34.38437448\"}','Schools camp in front of the Hajj supermarket', NULL, NULL,NULL, NULL, NULL,"{\"Saturday\":[\"closed\",\"closed\"],\"Sunday\":[\"closed\",\"closed\"],\"Monday\":[\"closed\",\"closed\"],\"Tuseday\":[\"closed\",\"closed\"],\"Wednesday\":[\"closed\",\"closed\"],\"Thursday\":[\"closed\",\"closed\"],\"Friday\":[\"closed\",\"closed\"]}",1,NULL,NULL),(985,'Mazen Abu Salem','phones130x@gmail.com','$2b$10$ePG5.y82JgShdyVinRwr9.eIFlsj95j3bW8SRUDw68AoR9KvGegXe',2,NULL,8645748,'Al Mazen Communications','{\"lat\":\"31.5230093\",\"lng\":\"34.4601861\"}','Gaza - Al-Lababidi intersection with Al-Galaa', NULL, NULL,NULL, NULL, NULL,"{\"Saturday\":[\"closed\",\"closed\"],\"Sunday\":[\"closed\",\"closed\"],\"Monday\":[\"closed\",\"closed\"],\"Tuseday\":[\"closed\",\"closed\"],\"Wednesday\":[\"closed\",\"closed\"],\"Thursday\":[\"closed\",\"closed\"],\"Friday\":[\"closed\",\"closed\"]}",1,NULL,NULL),(986,'Bashir Muhammad Hassan Al-Shaqaqi','phones131x@gmail.com','$2b$10$revMT/28e363v/GGAM2XE.0zCHmKMZXqn7P5JJjwllfg8VINPRFwq',2,NULL,8636019,'Al Massa Telecom','{\"lat\":\"31.2830242\",\"lng\":\"34.2521464\"}','Rafah - opposite the defense civil entrance to the market', NULL, NULL,NULL, NULL, NULL,"{\"Saturday\":[\"closed\",\"closed\"],\"Sunday\":[\"closed\",\"closed\"],\"Monday\":[\"closed\",\"closed\"],\"Tuseday\":[\"closed\",\"closed\"],\"Wednesday\":[\"closed\",\"closed\"],\"Thursday\":[\"closed\",\"closed\"],\"Friday\":[\"closed\",\"closed\"]}",1,NULL,NULL),(987,'Maher Ibrahim Mohammed Al-Za\'anin','phones132x@gmail.com','$2b$10$nbReW0vYAF.xtXGLcKyXnO6N95I5l387V25uLb.6HpLA4Z4apoOWG',2,NULL,8274788,'Almasa for Computer and Communications','{\"lat\":\"31.5384337\",\"lng\":\"34.5372502\"}','Central Market', NULL, NULL,NULL, NULL, NULL,"{\"Saturday\":[\"closed\",\"closed\"],\"Sunday\":[\"closed\",\"closed\"],\"Monday\":[\"closed\",\"closed\"],\"Tuseday\":[\"closed\",\"closed\"],\"Wednesday\":[\"closed\",\"closed\"],\"Thursday\":[\"closed\",\"closed\"],\"Friday\":[\"closed\",\"closed\"]}",1,NULL,NULL),(988,'Muhammad Al-Shaer','phones133x@gmail.com','$2b$10$lk3ZIx5WKEs9SnkC5DjnrebxwVf7nychf/i0LZIl0sg0zIbrGd1kW',2,NULL,8629752,'Diamond Mobile _ Muhammad Al-Shaer','{\"lat\":\"31.2789603\",\"lng\":\"34.2557406\"}','Rafah', NULL, NULL,NULL, NULL, NULL,"{\"Saturday\":[\"closed\",\"closed\"],\"Sunday\":[\"closed\",\"closed\"],\"Monday\":[\"closed\",\"closed\"],\"Tuseday\":[\"closed\",\"closed\"],\"Wednesday\":[\"closed\",\"closed\"],\"Thursday\":[\"closed\",\"closed\"],\"Friday\":[\"closed\",\"closed\"]}",1,NULL,NULL),(989,'Osama Mohammed','phones135x@gmail.com','$2b$10$vMoApjtQ/eftRxsy4cr2OuToQw93BSNzw1ZpxJxGxCbHkXpETIPDa',2,NULL,8759621,'Al Madhoun Telecom','{\"lat\":\"31.5333577\",\"lng\":\"34.5005265\"}','Camp Gallia', NULL, NULL,NULL, NULL, NULL,"{\"Saturday\":[\"closed\",\"closed\"],\"Sunday\":[\"closed\",\"closed\"],\"Monday\":[\"closed\",\"closed\"],\"Tuseday\":[\"closed\",\"closed\"],\"Wednesday\":[\"closed\",\"closed\"],\"Thursday\":[\"closed\",\"closed\"],\"Friday\":[\"closed\",\"closed\"]}",1,NULL,NULL),(990,'Ihab Sami Abdel Qader Club','phones136x@gmail.com','$2b$10$fQx8T0V0zyMEFkEt/UhWsOlU5noeRD7uI14jEtbHF5gUOqABwSQxS',2,NULL,8761971,'Madhoun_Ehab Club','{\"lat\":\"31.4254156\",\"lng\":\"34.3406545\"}','Deir Al-Balah - Al-Mu`askar - Market Street', NULL, NULL,NULL, NULL, NULL,"{\"Saturday\":[\"closed\",\"closed\"],\"Sunday\":[\"closed\",\"closed\"],\"Monday\":[\"closed\",\"closed\"],\"Tuseday\":[\"closed\",\"closed\"],\"Wednesday\":[\"closed\",\"closed\"],\"Thursday\":[\"closed\",\"closed\"],\"Friday\":[\"closed\",\"closed\"]}",1,NULL,NULL),(991,'Hossam Emad Fayez Bseiso','phones138x@gmail.com','$2b$10$5H2DAD5.e/fWeIv9vCNDjOnib8UbvUWm5KVR/56OaueZj7qemS7am',2,NULL,9175308,'Technical Center','{\"lat\":\"31.5039713\",\"lng\":\"34.4716321\"}','Shujaia Mushtaa Street', NULL, NULL,NULL, NULL, NULL,"{\"Saturday\":[\"closed\",\"closed\"],\"Sunday\":[\"closed\",\"closed\"],\"Monday\":[\"closed\",\"closed\"],\"Tuseday\":[\"closed\",\"closed\"],\"Wednesday\":[\"closed\",\"closed\"],\"Thursday\":[\"closed\",\"closed\"],\"Friday\":[\"closed\",\"closed\"]}",1,NULL,NULL),(992,'Muhammad Al-Sheikh','phones139x@gmail.com','$2b$10$nDbKoCVOLEPh18FIhs8ClOuWWFLhPMH9TwJizdrumDOo.KJBAj/bK',2,NULL,7310041,'Technical Center Sheikh','{\"lat\":\"31.5132647\",\"lng\":\"34.4592719\"}','Al-Wehda Street in front of Al-Jerjawi', NULL, NULL,NULL, NULL, NULL,"{\"Saturday\":[\"closed\",\"closed\"],\"Sunday\":[\"closed\",\"closed\"],\"Monday\":[\"closed\",\"closed\"],\"Tuseday\":[\"closed\",\"closed\"],\"Wednesday\":[\"closed\",\"closed\"],\"Thursday\":[\"closed\",\"closed\"],\"Friday\":[\"closed\",\"closed\"]}",1,NULL,NULL),(993,'Omar Khattab','phones140x@gmail.com','$2b$10$vSHbTRBndkio7jjEzSKVruRvHdhXC1OgcQfIblA62i7Mg6pQrCzKW',2,NULL,8647529,'Palestinian Center - Omar Khattab','{\"lat\":\"31.44921433\",\"lng\":\"34.39106571\"}','Nuseirat General Circle, Yafa Street', NULL, NULL,NULL, NULL, NULL,"{\"Saturday\":[\"closed\",\"closed\"],\"Sunday\":[\"closed\",\"closed\"],\"Monday\":[\"closed\",\"closed\"],\"Tuseday\":[\"closed\",\"closed\"],\"Wednesday\":[\"closed\",\"closed\"],\"Thursday\":[\"closed\",\"closed\"],\"Friday\":[\"closed\",\"closed\"]}",1,NULL,NULL),(994,'Maher Hussein Abdullah Karaz','phones141x@gmail.com','$2b$10$sLUAUskXp5KFE36IrObbz.6SL6B32MWkG52et3fSNKRsjZNE.aUuu',2,NULL,568888156,'Al Marwan Center','{\"lat\":\"31.5299176\",\"lng\":\"34.4522773\"}','Hamid Junction, Al-Shifa Street', NULL, NULL,NULL, NULL, NULL,"{\"Saturday\":[\"closed\",\"closed\"],\"Sunday\":[\"closed\",\"closed\"],\"Monday\":[\"closed\",\"closed\"],\"Tuseday\":[\"closed\",\"closed\"],\"Wednesday\":[\"closed\",\"closed\"],\"Thursday\":[\"closed\",\"closed\"],\"Friday\":[\"closed\",\"closed\"]}",1,NULL,NULL),(995,'Approved','phones142x@gmail.com','$2b$10$81Jlo5sjvMRVt6YYdv8fXOZqMl/L/5KrJ3y/Z6Qym4jVSk/ovXhua',2,NULL,598787870,'Approved','{\"lat\":\"31.5339561\",\"lng\":\"34.4618899\"}','Behind Al-Rantisi Hospital', NULL, NULL,NULL, NULL, NULL,"{\"Saturday\":[\"closed\",\"closed\"],\"Sunday\":[\"closed\",\"closed\"],\"Monday\":[\"closed\",\"closed\"],\"Tuseday\":[\"closed\",\"closed\"],\"Wednesday\":[\"closed\",\"closed\"],\"Thursday\":[\"closed\",\"closed\"],\"Friday\":[\"closed\",\"closed\"]}",1,NULL,NULL),(996,'Mahmoud Mohammed Abdullah Al-Maqid','phones143x@gmail.com','$2b$10$aQtQmEydUPkiZCPu3dp1SODeiEgrm7K44Cm.g4AdyNvzy6opcQLpG',2,NULL,599016000,'Restricted electrical appliances','{\"lat\":\"31.5317442\",\"lng\":\"34.4985077\"}','Trans-Jabalia camp', NULL, NULL,NULL, NULL, NULL,"{\"Saturday\":[\"closed\",\"closed\"],\"Sunday\":[\"closed\",\"closed\"],\"Monday\":[\"closed\",\"closed\"],\"Tuseday\":[\"closed\",\"closed\"],\"Wednesday\":[\"closed\",\"closed\"],\"Thursday\":[\"closed\",\"closed\"],\"Friday\":[\"closed\",\"closed\"]}",1,NULL,NULL),(997,'Musa Abu Omar','phones144x@gmail.com','$2b$10$tk6Y50rBZBY2F3r/L/vy5OQS/GwZi0A9r9IWbTbe2svLQ86bxiwCO',2,NULL,8713196,'Almoayyed Telecom_Moussa Abu Omra','{\"lat\":\"31.4117575\",\"lng\":\"34.3481509\"}','Deir Al-Balah-Al-Hikr-next to Al-Shuhada Mosque', NULL, NULL,NULL, NULL, NULL,"{\"Saturday\":[\"closed\",\"closed\"],\"Sunday\":[\"closed\",\"closed\"],\"Monday\":[\"closed\",\"closed\"],\"Tuseday\":[\"closed\",\"closed\"],\"Wednesday\":[\"closed\",\"closed\"],\"Thursday\":[\"closed\",\"closed\"],\"Friday\":[\"closed\",\"closed\"]}",1,NULL,NULL),(998,'Rasim Mahmoud Al-Nashar','phones146x@gmail.com','$2b$10$/pBdFpwGk0pdFG3cIXZz3.VhVzGH7QagatEL6ynhPxwTMiJ18sCvm',2,NULL,567760060,'Saw Mobile','{\"lat\":\"31.5111605\",\"lng\":\"34.4474175\"}','Gaza junction aviation', NULL, NULL,NULL, NULL, NULL,"{\"Saturday\":[\"closed\",\"closed\"],\"Sunday\":[\"closed\",\"closed\"],\"Monday\":[\"closed\",\"closed\"],\"Tuseday\":[\"closed\",\"closed\"],\"Wednesday\":[\"closed\",\"closed\"],\"Thursday\":[\"closed\",\"closed\"],\"Friday\":[\"closed\",\"closed\"]}",1,NULL,NULL),(999,'Ali Abu Ghanima','phones145x@gmail.com','$2b$10$r6nsUTOZrBeH0.1XoS/cUuzUxR8lwXuspQHty/4b6Ce8K4loIOYmK',2,NULL,8629594,'Miral - Alaa Abu Ghanima','{\"lat\":\"31.4970709\",\"lng\":\"34.4706321\"}','Gaza-Shejaiya - Friday market next to the exchange', NULL, NULL,NULL, NULL, NULL,"{\"Saturday\":[\"closed\",\"closed\"],\"Sunday\":[\"closed\",\"closed\"],\"Monday\":[\"closed\",\"closed\"],\"Tuseday\":[\"closed\",\"closed\"],\"Wednesday\":[\"closed\",\"closed\"],\"Thursday\":[\"closed\",\"closed\"],\"Friday\":[\"closed\",\"closed\"]}",1,NULL,NULL),(1000,'Maher Moussa Al-Nuazi','phones147x@gmail.com','$2b$10$TKDWW7R7caGf/3w6mIDg2.PaMYgH/1IIy6scbq6qpU1/6emLOaXse',2,NULL,598410202,'Al-Nuaizi Telecom and Perfumes _ Maher Al-Nuaizy','{\"lat\":\"31.5031907\",\"lng\":\"34.4670137\"}','Shrubby - position of the flower', NULL, NULL,NULL, NULL, NULL,"{\"Saturday\":[\"closed\",\"closed\"],\"Sunday\":[\"closed\",\"closed\"],\"Monday\":[\"closed\",\"closed\"],\"Tuseday\":[\"closed\",\"closed\"],\"Wednesday\":[\"closed\",\"closed\"],\"Thursday\":[\"closed\",\"closed\"],\"Friday\":[\"closed\",\"closed\"]}",1,NULL,NULL),(1001,'Mohammed Hassan Judeh','phones148x@gmail.com','$2b$10$aluHCzlteHNBEoADeuM5Uevhz8wGrOEicJaKPBe2tBRCAfEiq6fNm',2,NULL,567010166,'IPhone Light','{\"lat\":\"31.5310833\",\"lng\":\"34.4427468\"}','Beach camp near Qahwa Ghaben', NULL, NULL,NULL, NULL, NULL,"{\"Saturday\":[\"closed\",\"closed\"],\"Sunday\":[\"closed\",\"closed\"],\"Monday\":[\"closed\",\"closed\"],\"Tuseday\":[\"closed\",\"closed\"],\"Wednesday\":[\"closed\",\"closed\"],\"Thursday\":[\"closed\",\"closed\"],\"Friday\":[\"closed\",\"closed\"]}",1,NULL,NULL),(1002,'Hassan Mahmoud Abu Al-Qaraya','phones149x@gmail.com','$2b$10$4k1L47.3mK/J9VuWTP5t9.foWhxBi.TFjUny/fajklbqg7ui5m0GW',2,NULL,599625405,'Computer Engineering and Alternative Energy','{\"lat\":\"31.5023195\",\"lng\":\"34.4724098\"}','Shejaiya / Nazaz St. behind Mushtaha station', NULL, NULL,NULL, NULL, NULL,"{\"Saturday\":[\"closed\",\"closed\"],\"Sunday\":[\"closed\",\"closed\"],\"Monday\":[\"closed\",\"closed\"],\"Tuseday\":[\"closed\",\"closed\"],\"Wednesday\":[\"closed\",\"closed\"],\"Thursday\":[\"closed\",\"closed\"],\"Friday\":[\"closed\",\"closed\"]}",1,NULL,NULL),(1003,'Haitham Al Shawa','phones150x@gmail.com','$2b$10$lDCwF96ZcZQYxk1lGFyRiuEE/fHlHjK3zmv0wWZMik0x1/Be6s24G',2,NULL,8721986,'Al Haytham Communications','{\"lat\":\"31.5193283\",\"lng\":\"34.4377962\"}','Gaza - behind Al-Saqa Company or behind Al-Andalusia Mall', NULL, NULL,NULL, NULL, NULL,"{\"Saturday\":[\"closed\",\"closed\"],\"Sunday\":[\"closed\",\"closed\"],\"Monday\":[\"closed\",\"closed\"],\"Tuseday\":[\"closed\",\"closed\"],\"Wednesday\":[\"closed\",\"closed\"],\"Thursday\":[\"closed\",\"closed\"],\"Friday\":[\"closed\",\"closed\"]}",1,NULL,NULL),(1004,'Mahmoud Al-Wahidi','phones151x@gmail.com','$2b$10$M6RP/Xirzn1qaMC.TrLwmOFWrb9Vqp.dArYZhyXN6YjMzkygWFB42',2,NULL,8880558,'The only iPhone','{\"lat\":\"31.5346953\",\"lng\":\"34.4981517\"}','Jabalia - Al-Muaskar - Moncef Al-Hawja Street', NULL, NULL,NULL, NULL, NULL,"{\"Saturday\":[\"closed\",\"closed\"],\"Sunday\":[\"closed\",\"closed\"],\"Monday\":[\"closed\",\"closed\"],\"Tuseday\":[\"closed\",\"closed\"],\"Wednesday\":[\"closed\",\"closed\"],\"Thursday\":[\"closed\",\"closed\"],\"Friday\":[\"closed\",\"closed\"]}",1,NULL,NULL),(1005,'Emad Khalil Hussein Al-Wawi','phones152x@gmail.com','$2b$10$2W5fz3t0XY3qeet/AJS.le/x51GDfLQm9lrbT.xT.XATp74E1OK9i',2,NULL,567908041,'Alwaset Mobile','{\"lat\":\"31.4475308\",\"lng\":\"34.3926322\"}','Nuseirat - Main Street - opposite to Etisalat', NULL, NULL,NULL, NULL, NULL,"{\"Saturday\":[\"closed\",\"closed\"],\"Sunday\":[\"closed\",\"closed\"],\"Monday\":[\"closed\",\"closed\"],\"Tuseday\":[\"closed\",\"closed\"],\"Wednesday\":[\"closed\",\"closed\"],\"Thursday\":[\"closed\",\"closed\"],\"Friday\":[\"closed\",\"closed\"]}",1,NULL,NULL),(1006,'National iPhone','phones153x@gmail.com','$2b$10$FpGPOs4DKVn3arUDUf/e9uq4uL4G1lqnum5nfBxXdthLXFqye8axC',2,NULL,592702402,'National iPhone','{\"lat\":\"31.4968792\",\"lng\":\"34.4696701\"}','Shejaiya / Friday Market - Al-Salem Mosque', NULL, NULL,NULL, NULL, NULL,"{\"Saturday\":[\"closed\",\"closed\"],\"Sunday\":[\"closed\",\"closed\"],\"Monday\":[\"closed\",\"closed\"],\"Tuseday\":[\"closed\",\"closed\"],\"Wednesday\":[\"closed\",\"closed\"],\"Thursday\":[\"closed\",\"closed\"],\"Friday\":[\"closed\",\"closed\"]}",1,NULL,NULL),(1007,'Walid Ahmed Rushdi Abu Sido','phones154x@gmail.com','$2b$10$X3lxnfzF817txPMGGHrjGezPDbwKWOVhSrygY5Ppx4c6kVNucD48G',2,NULL,7092947,'Al-Walid Communications - Walid Abu Sido','{\"lat\":\"31.5297455\",\"lng\":\"34.4633155\"}','El-Ayoun Street', NULL, NULL,NULL, NULL, NULL,"{\"Saturday\":[\"closed\",\"closed\"],\"Sunday\":[\"closed\",\"closed\"],\"Monday\":[\"closed\",\"closed\"],\"Tuseday\":[\"closed\",\"closed\"],\"Wednesday\":[\"closed\",\"closed\"],\"Thursday\":[\"closed\",\"closed\"],\"Friday\":[\"closed\",\"closed\"]}",1,NULL,NULL),(1008,'Haitham Kamal Al-Yazji','phones156x@gmail.com','$2b$10$N8n4KvXIthj7OIRu/F/7eeZQKh4lB3Lr9lpuk/XuBwvVqkYKpE/Xa',2,NULL,8888406,'El Yazji Phone','{\"lat\":\"31.53357\",\"lng\":\"34.458829\"}','Victory at the crossroads of El-Ayoun', NULL, NULL,NULL, NULL, NULL,"{\"Saturday\":[\"closed\",\"closed\"],\"Sunday\":[\"closed\",\"closed\"],\"Monday\":[\"closed\",\"closed\"],\"Tuseday\":[\"closed\",\"closed\"],\"Wednesday\":[\"closed\",\"closed\"],\"Thursday\":[\"closed\",\"closed\"],\"Friday\":[\"closed\",\"closed\"]}",1,NULL,NULL),(1009,'Ibrahim Abdel Fattah Rashid Al Yazji','phones157x@gmail.com','$2b$10$oNBd4YfUZidAMI8GkFbl0Oh14L//xjRiHTWQdPnX7awpGZ.mPgADe',2,NULL,8667652,'Al Yazji Telecom _ Ibrahim Al Yazji','{\"lat\":\"31.5382704\",\"lng\":\"34.5374779\"}','Beit Hanoun - Central Market', NULL, NULL,NULL, NULL, NULL,"{\"Saturday\":[\"closed\",\"closed\"],\"Sunday\":[\"closed\",\"closed\"],\"Monday\":[\"closed\",\"closed\"],\"Tuseday\":[\"closed\",\"closed\"],\"Wednesday\":[\"closed\",\"closed\"],\"Thursday\":[\"closed\",\"closed\"],\"Friday\":[\"closed\",\"closed\"]}",1,NULL,NULL),(1010,'Mahmoud Nashwan','phones159x@gmail.com','$2b$10$JAw.BoQAxTKS0TtfYOTP..oVSYhwL7AnVobvmOW49tJ6/Swb0/cUO',2,NULL,568389253,'Anas Telecom _ Mahmoud Nashwan','{\"lat\":\"31.5372383\",\"lng\":\"34.4644848\"}','Gaza Sheikh Radwan Al-Ahly Club', NULL, NULL,NULL, NULL, NULL,"{\"Saturday\":[\"closed\",\"closed\"],\"Sunday\":[\"closed\",\"closed\"],\"Monday\":[\"closed\",\"closed\"],\"Tuseday\":[\"closed\",\"closed\"],\"Wednesday\":[\"closed\",\"closed\"],\"Thursday\":[\"closed\",\"closed\"],\"Friday\":[\"closed\",\"closed\"]}",1,NULL,NULL),(1011,'Tamer Jihad Daher','phones160x@gmail.com','$2b$10$MPfaEt0HiLYRJgpNmD9CXeQhweTBqG.Q.fldifMNlQsPzoj/M.a3S',2,NULL,568287679,'Hi Watania - Tamer','{\"lat\":\"31.5384182\",\"lng\":\"34.5021027\"}','Beit Lahia project next to Kamal Adwan', NULL, NULL,NULL, NULL, NULL,"{\"Saturday\":[\"closed\",\"closed\"],\"Sunday\":[\"closed\",\"closed\"],\"Monday\":[\"closed\",\"closed\"],\"Tuseday\":[\"closed\",\"closed\"],\"Wednesday\":[\"closed\",\"closed\"],\"Thursday\":[\"closed\",\"closed\"],\"Friday\":[\"closed\",\"closed\"]}",1,NULL,NULL),(1012,'Samer Jihad Abu Hashem','phones161x@gmail.com','$2b$10$42JKSM4qjybF2evuw1ArxOLWNVu2ATZJPeD3aoqFceKEZYwTSmAtu',2,NULL,8643134,'Orange - Samer Abu Hashem','{\"lat\":\"31.537215\",\"lng\":\"34.462231\"}','Victory conquered Bahloul', NULL, NULL,NULL, NULL, NULL,"{\"Saturday\":[\"closed\",\"closed\"],\"Sunday\":[\"closed\",\"closed\"],\"Monday\":[\"closed\",\"closed\"],\"Tuseday\":[\"closed\",\"closed\"],\"Wednesday\":[\"closed\",\"closed\"],\"Thursday\":[\"closed\",\"closed\"],\"Friday\":[\"closed\",\"closed\"]}",1,NULL,NULL),(1013,'Nasr Adnan Abdul Hamid Badr','phones162x@gmail.com','$2b$10$T/8QhbHdSfQ4i9Y/SaZGSeU5acM1A4SmkZhZYQuOB2X.JYZmJYNKS',2,NULL,599352698,'online','{\"lat\":\"31.5357423\",\"lng\":\"34.4897322\"}','Falluja near the cemetery', NULL, NULL,NULL, NULL, NULL,"{\"Saturday\":[\"closed\",\"closed\"],\"Sunday\":[\"closed\",\"closed\"],\"Monday\":[\"closed\",\"closed\"],\"Tuseday\":[\"closed\",\"closed\"],\"Wednesday\":[\"closed\",\"closed\"],\"Thursday\":[\"closed\",\"closed\"],\"Friday\":[\"closed\",\"closed\"]}",1,NULL,NULL),(1014,'Mamoun Agha','phones165x@gmail.com','$2b$10$o3YpC.IjrCfpyMz2gXg12.rDrx45yW1reVIGOryx4MZa0zlobG/HO',2,NULL,569444733,'Paris Telecom','{\"lat\":\"31.320259\",\"lng\":\"34.3153752\"}','Salahuddin Street, the intersection of the Islamic University of Murtaja', NULL, NULL,NULL, NULL, NULL,"{\"Saturday\":[\"closed\",\"closed\"],\"Sunday\":[\"closed\",\"closed\"],\"Monday\":[\"closed\",\"closed\"],\"Tuseday\":[\"closed\",\"closed\"],\"Wednesday\":[\"closed\",\"closed\"],\"Thursday\":[\"closed\",\"closed\"],\"Friday\":[\"closed\",\"closed\"]}",1,NULL,NULL),(1015,'Sherif Qandil','phones167x@gmail.com','$2b$10$c5/D.XVenAIAFbVLhn7wl..0ao7Qy8c3LSF9lUZoh71jyn4drV9aW',2,NULL,8654814,'Baniyas - Sherif Qandil','{\"lat\":\"31.5343309\",\"lng\":\"34.4539353\"}','Gaza victory next to Al-Quds Open University', NULL, NULL,NULL, NULL, NULL,"{\"Saturday\":[\"closed\",\"closed\"],\"Sunday\":[\"closed\",\"closed\"],\"Monday\":[\"closed\",\"closed\"],\"Tuseday\":[\"closed\",\"closed\"],\"Wednesday\":[\"closed\",\"closed\"],\"Thursday\":[\"closed\",\"closed\"],\"Friday\":[\"closed\",\"closed\"]}",1,NULL,NULL),(1016,'Ali Fayez Hassan Badran','phones168x@gmail.com','$2b$10$SDAsOFHny.FaUpQoeZyJn.kO8J2B2fnZ7noyErB5W2k70/Sa/LX6G',2,NULL,7783347,'Badran iPhone','{\"lat\":\"31.5466322\",\"lng\":\"34.4758451\"}','Twin vertigo', NULL, NULL,NULL, NULL, NULL,"{\"Saturday\":[\"closed\",\"closed\"],\"Sunday\":[\"closed\",\"closed\"],\"Monday\":[\"closed\",\"closed\"],\"Tuseday\":[\"closed\",\"closed\"],\"Wednesday\":[\"closed\",\"closed\"],\"Thursday\":[\"closed\",\"closed\"],\"Friday\":[\"closed\",\"closed\"]}",1,NULL,NULL),(1017,'Fadi Al-Agha','phones170x@gmail.com','$2b$10$nZQHwYG4EBrrSib1M7BYQe1zfV2aZMzpAq0o/YG2ka5ocvNezHNbi',2,NULL,8749858,'Communications Plaza','{\"lat\":\"31.3146052\",\"lng\":\"34.3160344\"}','Khan Yunis country', NULL, NULL,NULL, NULL, NULL,"{\"Saturday\":[\"closed\",\"closed\"],\"Sunday\":[\"closed\",\"closed\"],\"Monday\":[\"closed\",\"closed\"],\"Tuseday\":[\"closed\",\"closed\"],\"Wednesday\":[\"closed\",\"closed\"],\"Thursday\":[\"closed\",\"closed\"],\"Friday\":[\"closed\",\"closed\"]}",1,NULL,NULL),(1018,'Mahmoud Mohamed Mohamed Bahloul','phones171x@gmail.com','$2b$10$KSKDDBEGybJX3pbGkjb.sOK2Q3IWsWWjgKshhiSGYqEPXO.cphhBC',2,NULL,7900922,'Bahloul Telecom','{\"lat\":\"31.5295773\",\"lng\":\"34.4743747\"}','Gaza, Sheikh Radwan Abu Al-Amin', NULL, NULL,NULL, NULL, NULL,"{\"Saturday\":[\"closed\",\"closed\"],\"Sunday\":[\"closed\",\"closed\"],\"Monday\":[\"closed\",\"closed\"],\"Tuseday\":[\"closed\",\"closed\"],\"Wednesday\":[\"closed\",\"closed\"],\"Thursday\":[\"closed\",\"closed\"],\"Friday\":[\"closed\",\"closed\"]}",1,NULL,NULL),(1019,'Swirky Manifest','phones172x@gmail.com','$2b$10$nmiv2z3Ne6czXgBhgQIgaeWvJmU6o1MkRaqyQHKoW2kul2w2hsLB2',2,NULL,568888205,'Bianco Fon_Swirki statement','{\"lat\":\"31.5003651\",\"lng\":\"34.474804\"}','Shagia Gaza', NULL, NULL,NULL, NULL, NULL,"{\"Saturday\":[\"closed\",\"closed\"],\"Sunday\":[\"closed\",\"closed\"],\"Monday\":[\"closed\",\"closed\"],\"Tuseday\":[\"closed\",\"closed\"],\"Wednesday\":[\"closed\",\"closed\"],\"Thursday\":[\"closed\",\"closed\"],\"Friday\":[\"closed\",\"closed\"]}",1,NULL,NULL),(1020,'Naji Zakaria Ali Radwan','phones173x@gmail.com','$2b$10$WS9JJi70r5mYizY5Vn192OILD5x0rJcfPB/PsiYdkf.LVMOsx7k66',2,NULL,599405954,'Beach Communications','{\"lat\":\"31.5306093\",\"lng\":\"34.453023\"}','Gaza victory opposite Abu Halima Telecom', NULL, NULL,NULL, NULL, NULL,"{\"Saturday\":[\"closed\",\"closed\"],\"Sunday\":[\"closed\",\"closed\"],\"Monday\":[\"closed\",\"closed\"],\"Tuseday\":[\"closed\",\"closed\"],\"Wednesday\":[\"closed\",\"closed\"],\"Thursday\":[\"closed\",\"closed\"],\"Friday\":[\"closed\",\"closed\"]}",1,NULL,NULL),(1021,'Fadi Abu Armana','phones174x@gmail.com','$2b$10$cLI3qiG6gg1R2xjcH/kNAOclL2zWC8zIXzLptu1q6ZhJzQFSZG1ue',2,NULL,8888824,'Nissan','{\"lat\":\"31.2785504\",\"lng\":\"34.2558397\"}','Eastern Garage', NULL, NULL,NULL, NULL, NULL,"{\"Saturday\":[\"closed\",\"closed\"],\"Sunday\":[\"closed\",\"closed\"],\"Monday\":[\"closed\",\"closed\"],\"Tuseday\":[\"closed\",\"closed\"],\"Wednesday\":[\"closed\",\"closed\"],\"Thursday\":[\"closed\",\"closed\"],\"Friday\":[\"closed\",\"closed\"]}",1,NULL,NULL),(1022,'Ibrahim Saadi Hassan Zaanin','phones175x@gmail.com','$2b$10$kMmXwiJPuepkalU.5Y0nmO55DdktlPUaaBlg3/dwYGW9wTbEyFMzS',2,NULL,8131614,'Techno Smart','{\"lat\":\"31.5382203\",\"lng\":\"34.5371857\"}','Beit Hanoun Garage - next to Al-Rafidain Pharmacy', NULL, NULL,NULL, NULL, NULL,"{\"Saturday\":[\"closed\",\"closed\"],\"Sunday\":[\"closed\",\"closed\"],\"Monday\":[\"closed\",\"closed\"],\"Tuseday\":[\"closed\",\"closed\"],\"Wednesday\":[\"closed\",\"closed\"],\"Thursday\":[\"closed\",\"closed\"],\"Friday\":[\"closed\",\"closed\"]}",1,NULL,NULL),(1023,'Abdulrahman Hamid','phones177x@gmail.com','$2b$10$iZi4ZGwCzuJ2/PFeLmGN..KYWp.bpd2Qx18XObMPuy.MyQ.jKI142',2,NULL,8645066,'TechnoCity_Abdulrahman Hamid','{\"lat\":\"31.5333298\",\"lng\":\"34.5006586\"}','North Gaza - Jabalia Camp - the intersection of the main street (Al-Trans) with Al-Hawja - (Al-Hawja Junction)', NULL, NULL,NULL, NULL, NULL,"{\"Saturday\":[\"closed\",\"closed\"],\"Sunday\":[\"closed\",\"closed\"],\"Monday\":[\"closed\",\"closed\"],\"Tuseday\":[\"closed\",\"closed\"],\"Wednesday\":[\"closed\",\"closed\"],\"Thursday\":[\"closed\",\"closed\"],\"Friday\":[\"closed\",\"closed\"]}",1,NULL,NULL),(1024,'Ziad Azzam','phones178x@gmail.com','$2b$10$WHLUGKl/cQxDDZG9Wepr6.QOop3B64zHT8EpdZB75kC32oduuQmEy',2,NULL,8651427,'Tim Vaughn_Ziad Azzam','{\"lat\":\"31.5337141\",\"lng\":\"34.4685283\"}','Tel El Hawa - Barcelona', NULL, NULL,NULL, NULL, NULL,"{\"Saturday\":[\"closed\",\"closed\"],\"Sunday\":[\"closed\",\"closed\"],\"Monday\":[\"closed\",\"closed\"],\"Tuseday\":[\"closed\",\"closed\"],\"Wednesday\":[\"closed\",\"closed\"],\"Thursday\":[\"closed\",\"closed\"],\"Friday\":[\"closed\",\"closed\"]}",1,NULL,NULL),(1025,'Numan Abed','phones179x@gmail.com','$2b$10$0uDafQ5wSz3MOXs7uZuiMOa5uVCsze/6J9dG7pFBEy6MIY2MCb2aC',2,NULL,8576920,'Galaxy iPhone','{\"lat\":\"31.42099121\",\"lng\":\"34.38480804\"}','Opposite to Hassouna Library, next to Saada Exchange', NULL, NULL,NULL, NULL, NULL,"{\"Saturday\":[\"closed\",\"closed\"],\"Sunday\":[\"closed\",\"closed\"],\"Monday\":[\"closed\",\"closed\"],\"Tuseday\":[\"closed\",\"closed\"],\"Wednesday\":[\"closed\",\"closed\"],\"Thursday\":[\"closed\",\"closed\"],\"Friday\":[\"closed\",\"closed\"]}",1,NULL,NULL),(1026,'Ramzi Saeed Mahmoud Saadeh','phones180x@gmail.com','$2b$10$pb38OP.0n/aHtMWaWKCxeezLakJCjwwEXI8OCOZy/ZTQzbGAWWdWG',2,NULL,8601711,'Galaxy Phone - Ramzy Saadeh','{\"lat\":\"31.2806974\",\"lng\":\"34.2540655\"}','Al-Balad Al-Awda Circle, opposite Al-Awda Pharmacy', NULL, NULL,NULL, NULL, NULL,"{\"Saturday\":[\"closed\",\"closed\"],\"Sunday\":[\"closed\",\"closed\"],\"Monday\":[\"closed\",\"closed\"],\"Tuseday\":[\"closed\",\"closed\"],\"Wednesday\":[\"closed\",\"closed\"],\"Thursday\":[\"closed\",\"closed\"],\"Friday\":[\"closed\",\"closed\"]}",1,NULL,NULL),(1027,'Ahmed Helles','phones181x@gmail.com','$2b$10$sKlATMij9IwpC7Q2uxA3cO8f9koFv5sydoHvBpzgTe0/DaF7PntCm',2,NULL,568626772,'Galaxy Communications_ Mamdouh Lulu','{\"lat\":\"31.5013197\",\"lng\":\"34.4691111\"}','Al-Shejaiya - Baghdad Street near the market', NULL, NULL,NULL, NULL, NULL,"{\"Saturday\":[\"closed\",\"closed\"],\"Sunday\":[\"closed\",\"closed\"],\"Monday\":[\"closed\",\"closed\"],\"Tuseday\":[\"closed\",\"closed\"],\"Wednesday\":[\"closed\",\"closed\"],\"Thursday\":[\"closed\",\"closed\"],\"Friday\":[\"closed\",\"closed\"]}",1,NULL,NULL),(1028,'Abdul Rahman Abu Al-Qara','phones182x@gmail.com','$2b$10$HZ1/u6id.4FkYNNxHzl3K.1CjNivILZetJN9ADZ5Ib6zw1xq6HXEi',2,NULL,8633732,'Jaafar von Abd Al-Rahman Abu Al-Qara','{\"lat\":\"31.529546\",\"lng\":\"34.4742501\"}','Gaza - Sheikh Radwan - Abu Iskandar position', NULL, NULL,NULL, NULL, NULL,"{\"Saturday\":[\"closed\",\"closed\"],\"Sunday\":[\"closed\",\"closed\"],\"Monday\":[\"closed\",\"closed\"],\"Tuseday\":[\"closed\",\"closed\"],\"Wednesday\":[\"closed\",\"closed\"],\"Thursday\":[\"closed\",\"closed\"],\"Friday\":[\"closed\",\"closed\"]}",1,NULL,NULL),(1029,'Ahmed Jamil Abu Cel','phones183x@gmail.com','$2b$10$AA.BMCTYYQwDe9nOUm2FVeXhFkWp7xPnCOLtQblTmYSkt0bPRfVEW',2,NULL,8889111,'Galaxy Phone - Ahmed Jamil Abu Cel','{\"lat\":\"31.43860239\",\"lng\":\"34.40264664\"}','Abu Rasas Circle', NULL, NULL,NULL, NULL, NULL,"{\"Saturday\":[\"closed\",\"closed\"],\"Sunday\":[\"closed\",\"closed\"],\"Monday\":[\"closed\",\"closed\"],\"Tuseday\":[\"closed\",\"closed\"],\"Wednesday\":[\"closed\",\"closed\"],\"Thursday\":[\"closed\",\"closed\"],\"Friday\":[\"closed\",\"closed\"]}",1,NULL,NULL),(1030,'Ahmed Abu Abdullah','phones184x@gmail.com','$2b$10$0jv77OWYcTKEYMn.e0Tis.N.xkJtY7.4jIHTgPPqhLZpM3aXQUFw.',2,NULL,8636572,'Global Star _ Ahmed Abu Abdullah','{\"lat\":\"31.5068408\",\"lng\":\"34.4553027\"}','Gaza Sabra, Thalathiny Street, in front of Gaza Hashem Pharmacy', NULL, NULL,NULL, NULL, NULL,"{\"Saturday\":[\"closed\",\"closed\"],\"Sunday\":[\"closed\",\"closed\"],\"Monday\":[\"closed\",\"closed\"],\"Tuseday\":[\"closed\",\"closed\"],\"Wednesday\":[\"closed\",\"closed\"],\"Thursday\":[\"closed\",\"closed\"],\"Friday\":[\"closed\",\"closed\"]}",1,NULL,NULL),(1031,'Jihad Farid Harb','phones185x@gmail.com','$2b$10$nKCKDz0mHj3TY9NxEDZrXeKejqJPC0W9W/6l/tE38nQC0UdBZSE0q',2,NULL,599636907,'Fon Jihad - Farid Harb Jihad','{\"lat\":\"31.41622636\",\"lng\":\"34.34945603\"}','Deir Al-Balah Street, Deir Al-Balah Clinic', NULL, NULL,NULL, NULL, NULL,"{\"Saturday\":[\"closed\",\"closed\"],\"Sunday\":[\"closed\",\"closed\"],\"Monday\":[\"closed\",\"closed\"],\"Tuseday\":[\"closed\",\"closed\"],\"Wednesday\":[\"closed\",\"closed\"],\"Thursday\":[\"closed\",\"closed\"],\"Friday\":[\"closed\",\"closed\"]}",1,NULL,NULL),(1032,'Muhammad Nasir Lulu','phones186x@gmail.com','$2b$10$pK/Sb008pgNFNvtxLkWhguNNRI3ZDJH7ihkW7VtdLJvkRxqqKvGKS',2,NULL,8966118,'Beirut mobiles','{\"lat\":\"31.5073994\",\"lng\":\"34.463696\"}','Gaza station Jabalia', NULL, NULL,NULL, NULL, NULL,"{\"Saturday\":[\"closed\",\"closed\"],\"Sunday\":[\"closed\",\"closed\"],\"Monday\":[\"closed\",\"closed\"],\"Tuseday\":[\"closed\",\"closed\"],\"Wednesday\":[\"closed\",\"closed\"],\"Thursday\":[\"closed\",\"closed\"],\"Friday\":[\"closed\",\"closed\"]}",1,NULL,NULL),(1033,'bay','phones187x@gmail.com','$2b$10$hR.3tnbMbNQxzEqdSWD4IOcC.31gbCJiAO5eD1ASVJslQ8QoWDgaC',2,NULL,8635122,'Golden Mobile','{\"lat\":\"31.4965984\",\"lng\":\"34.4818451\"}','Shirajia', NULL, NULL,NULL, NULL, NULL,"{\"Saturday\":[\"closed\",\"closed\"],\"Sunday\":[\"closed\",\"closed\"],\"Monday\":[\"closed\",\"closed\"],\"Tuseday\":[\"closed\",\"closed\"],\"Wednesday\":[\"closed\",\"closed\"],\"Thursday\":[\"closed\",\"closed\"],\"Friday\":[\"closed\",\"closed\"]}",1,NULL,NULL),(1034,'Golden Mobile','phones188x@gmail.com','$2b$10$dpMQse5gD4gGPuD1Evjzl.Lr5kbLJwI9mcEhl58SggsVN6Jfq3thS',2,NULL,59413513,'Golden Mobile - Hussam Al-Buhaisi','{\"lat\":\"31.5098479\",\"lng\":\"34.4382567\"}','Tal Al-Hawa in front of the Ministry of Prisoners', NULL, NULL,NULL, NULL, NULL,"{\"Saturday\":[\"closed\",\"closed\"],\"Sunday\":[\"closed\",\"closed\"],\"Monday\":[\"closed\",\"closed\"],\"Tuseday\":[\"closed\",\"closed\"],\"Wednesday\":[\"closed\",\"closed\"],\"Thursday\":[\"closed\",\"closed\"],\"Friday\":[\"closed\",\"closed\"]}",1,NULL,NULL),(1035,'Ismail Mohammed Mahmoud Abu al-Ush','phones189x@gmail.com','$2b$10$1h27RSpw/TyCC8wBh8LnQ.2PZ41278ogTafF4CsPQvnKckcmxC.nq',2,NULL,7892021,'Gigabyte _ Ismail Abu Al-Eish','{\"lat\":\"31.5344307\",\"lng\":\"34.4987315\"}','North', NULL, NULL,NULL, NULL, NULL,"{\"Saturday\":[\"closed\",\"closed\"],\"Sunday\":[\"closed\",\"closed\"],\"Monday\":[\"closed\",\"closed\"],\"Tuseday\":[\"closed\",\"closed\"],\"Wednesday\":[\"closed\",\"closed\"],\"Thursday\":[\"closed\",\"closed\"],\"Friday\":[\"closed\",\"closed\"]}",1,NULL,NULL),(1036,'Mohamed Ziad Hegazy','phones190x@gmail.com','$2b$10$EoX0w8IhjT/Ejo7kR94gQOPN5tCQUgigYgxkq83DfttJ.z/k.vxl2',2,NULL,568620544,'Hijazi','{\"lat\":\"31.4202872\",\"lng\":\"34.34608301\"}','Deir Al-Balah Main Street', NULL, NULL,NULL, NULL, NULL,"{\"Saturday\":[\"closed\",\"closed\"],\"Sunday\":[\"closed\",\"closed\"],\"Monday\":[\"closed\",\"closed\"],\"Tuseday\":[\"closed\",\"closed\"],\"Wednesday\":[\"closed\",\"closed\"],\"Thursday\":[\"closed\",\"closed\"],\"Friday\":[\"closed\",\"closed\"]}",1,NULL,NULL),(1037,'Akram Rashad Harz Allah','phones191x@gmail.com','$2b$10$tJnR6WJBqKs3dD9snx3PcedsUmpJcqRJTRfQxX21wiS3MQ/CucQkm',2,NULL,599333713,'Hazz Allah Communications','{\"lat\":\"31.5166365\",\"lng\":\"34.453561\"}','Dabit Junction - Bseisu Building', NULL, NULL,NULL, NULL, NULL,"{\"Saturday\":[\"closed\",\"closed\"],\"Sunday\":[\"closed\",\"closed\"],\"Monday\":[\"closed\",\"closed\"],\"Tuseday\":[\"closed\",\"closed\"],\"Wednesday\":[\"closed\",\"closed\"],\"Thursday\":[\"closed\",\"closed\"],\"Friday\":[\"closed\",\"closed\"]}",1,NULL,NULL),(1038,'Asad Harz Allah','phones192x@gmail.com','$2b$10$EB9esKjlL3v3aCTW/6C7XeNJWD8atyrW9ue6ry2Z.wdUisTtbEe16',2,NULL,59332217,'Harz Allah Exchange','{\"lat\":\"31.5274641\",\"lng\":\"34.4547121\"}','Al-Nasr _ Labbidi Street', NULL, NULL,NULL, NULL, NULL,"{\"Saturday\":[\"closed\",\"closed\"],\"Sunday\":[\"closed\",\"closed\"],\"Monday\":[\"closed\",\"closed\"],\"Tuseday\":[\"closed\",\"closed\"],\"Wednesday\":[\"closed\",\"closed\"],\"Thursday\":[\"closed\",\"closed\"],\"Friday\":[\"closed\",\"closed\"]}",1,NULL,NULL),(1039,'Suhaib Kamal Harzallah','phones195x@gmail.com','$2b$10$8C.0ZarldeMcgBDCJXN6w.rEmUzJwvyzsIMnzwkRAWZSMpdf3L1F2',2,NULL,599036808,'Harz Allah Exchange _ Kamal Harz Allah','{\"lat\":\"31.5136223\",\"lng\":\"34.4435383\"}','U / Thalatini west of the crossroads of industry', NULL, NULL,NULL, NULL, NULL,"{\"Saturday\":[\"closed\",\"closed\"],\"Sunday\":[\"closed\",\"closed\"],\"Monday\":[\"closed\",\"closed\"],\"Tuseday\":[\"closed\",\"closed\"],\"Wednesday\":[\"closed\",\"closed\"],\"Thursday\":[\"closed\",\"closed\"],\"Friday\":[\"closed\",\"closed\"]}",1,NULL,NULL),(1040,'Kamal Muhammad Kamel Herzallah','phones193x@gmail.com','$2b$10$eJJ08ZRW5ndxEz3lW0dyhuk05e.TdoAbmbswxmc3V5NesHCtAIOJq',2,NULL,9760666,'Harz Allah Exchange','{\"lat\":\"31.5169834\",\"lng\":\"34.4520802\"}','Near the Islamic University', NULL, NULL,NULL, NULL, NULL,"{\"Saturday\":[\"closed\",\"closed\"],\"Sunday\":[\"closed\",\"closed\"],\"Monday\":[\"closed\",\"closed\"],\"Tuseday\":[\"closed\",\"closed\"],\"Wednesday\":[\"closed\",\"closed\"],\"Thursday\":[\"closed\",\"closed\"],\"Friday\":[\"closed\",\"closed\"]}",1,NULL,NULL),(1041,'Hussam Khader Kamal Dawima','phones196x@gmail.com','$2b$10$BH6MTgqigaabi10yyYobS.Dqx.W.q509l1W3dkZyh0lu1t1XfdHMy',2,NULL,569444772,'Hussam Vaughn','{\"lat\":\"31.534022\",\"lng\":\"34.4466959\"}','North Beach _ White Mosque Street', NULL, NULL,NULL, NULL, NULL,"{\"Saturday\":[\"closed\",\"closed\"],\"Sunday\":[\"closed\",\"closed\"],\"Monday\":[\"closed\",\"closed\"],\"Tuseday\":[\"closed\",\"closed\"],\"Wednesday\":[\"closed\",\"closed\"],\"Thursday\":[\"closed\",\"closed\"],\"Friday\":[\"closed\",\"closed\"]}",1,NULL,NULL),(1042,'Hussam Zuhair Ashour Ashour','phones197x@gmail.com','$2b$10$D6np8leROetaPeNIMjrszOtseDsEhlmM6ulRGH8EJEque6nGJ3WEG',2,NULL,567681623,'Hussam iPhone for mobile devices','{\"lat\":\"31.3369019\",\"lng\":\"34.3100355\"}','Gort al-Lot - near the Tahlia Roundabout', NULL, NULL,NULL, NULL, NULL,"{\"Saturday\":[\"closed\",\"closed\"],\"Sunday\":[\"closed\",\"closed\"],\"Monday\":[\"closed\",\"closed\"],\"Tuseday\":[\"closed\",\"closed\"],\"Wednesday\":[\"closed\",\"closed\"],\"Thursday\":[\"closed\",\"closed\"],\"Friday\":[\"closed\",\"closed\"]}",1,NULL,NULL),(1043,'Ahmed Hasasneh','resturant1x@gmail.com','$2b$10$0z2eYMPjQGbYdOEU1vvknOOQvLpYyBycQEVkiSmpOS53/eAOKz0ra',2,NULL,8648569,'Hassoun Telecom_Ahmed Alhassena','{\"lat\":\"31.5016736\",\"lng\":\"34.4813596\"}','Gaza Al Sha\'af', NULL, NULL,NULL, NULL, NULL,"{\"Saturday\":[\"closed\",\"closed\"],\"Sunday\":[\"closed\",\"closed\"],\"Monday\":[\"closed\",\"closed\"],\"Tuseday\":[\"closed\",\"closed\"],\"Wednesday\":[\"closed\",\"closed\"],\"Thursday\":[\"closed\",\"closed\"],\"Friday\":[\"closed\",\"closed\"]}",3,NULL,NULL),(1044,'Mahmoud Al-Abed Abu Amer','resturant2x@gmail.com','$2b$10$qbGPg.MWBsHcsTvOKbSaxeZQdYMCcWwtjO94Ci.KR4YVX2kH7RnNC',2,NULL,8664146,'Eastern civilization - Mahmoud Abu Amer','{\"lat\":\"31.3227088\",\"lng\":\"34.3471641\"}','Gaza - Khan Yunis - Abasan Al Kabeer - Abasan Roundabout', NULL, NULL,NULL, NULL, NULL,"{\"Saturday\":[\"closed\",\"closed\"],\"Sunday\":[\"closed\",\"closed\"],\"Monday\":[\"closed\",\"closed\"],\"Tuseday\":[\"closed\",\"closed\"],\"Wednesday\":[\"closed\",\"closed\"],\"Thursday\":[\"closed\",\"closed\"],\"Friday\":[\"closed\",\"closed\"]}",3,NULL,NULL),(1045,'Anas Ibrahim Mohammed Abu Musameh','resturant4x@gmail.com','$2b$10$rNTv/TXxjdYozTlmONjqq.uEOViWELEKdRO5jUSII2QuKAmJKMGei',2,NULL,8659984,'Hala Fon_Ibrahim Abu Musameh','{\"lat\":\"31.4946077\",\"lng\":\"34.4472399\"}','Al-Zaitoun Street 8 in front of Abu Zour showroom for electrical appliances', NULL, NULL,NULL, NULL, NULL,"{\"Saturday\":[\"closed\",\"closed\"],\"Sunday\":[\"closed\",\"closed\"],\"Monday\":[\"closed\",\"closed\"],\"Tuseday\":[\"closed\",\"closed\"],\"Wednesday\":[\"closed\",\"closed\"],\"Thursday\":[\"closed\",\"closed\"],\"Friday\":[\"closed\",\"closed\"]}",3,NULL,NULL),(1046,'Muhammad Salim Hammad','resturant6x@gmail.com','$2b$10$7WL2U5sGQl6jO7jX4dtlkekP3hoF5I0CmU4cXkgJS5rJMcqJFt3xq',2,NULL,8774347,'Hammad Vaughn','{\"lat\":\"31.44227413\",\"lng\":\"34.38494338\"}','Nuseirat- camp 2- south of schools', NULL, NULL,NULL, NULL, NULL,"{\"Saturday\":[\"closed\",\"closed\"],\"Sunday\":[\"closed\",\"closed\"],\"Monday\":[\"closed\",\"closed\"],\"Tuseday\":[\"closed\",\"closed\"],\"Wednesday\":[\"closed\",\"closed\"],\"Thursday\":[\"closed\",\"closed\"],\"Friday\":[\"closed\",\"closed\"]}",3,NULL,NULL),(1047,'Ezz El Din Abu Odeh','resturant5x@gmail.com','$2b$10$V8IkzmpJhDbw72Bff4DvYuCAUONEEchTH605OoQEeIHWvrfv0Ocxu',2,NULL,7792777,'Fon Hala Ezz Eddin Abu Odeh','{\"lat\":\"31.53162\",\"lng\":\"34.4484116\"}','Beach Martyrs Square', NULL, NULL,NULL, NULL, NULL,"{\"Saturday\":[\"closed\",\"closed\"],\"Sunday\":[\"closed\",\"closed\"],\"Monday\":[\"closed\",\"closed\"],\"Tuseday\":[\"closed\",\"closed\"],\"Wednesday\":[\"closed\",\"closed\"],\"Thursday\":[\"closed\",\"closed\"],\"Friday\":[\"closed\",\"closed\"]}",3,NULL,NULL),(1048,'Muhammad Saher Bashir','resturant9x@gmail.com','$2b$10$ELwYIVcwSB5ATYFnWg9qF.4tOUiz8LbcHapTXuQu54mBq0oVdWirC',2,NULL,8889288,'Hamada iPhone','{\"lat\":\"31.41821503\",\"lng\":\"34.34872744\"}','Albrko junction', NULL, NULL,NULL, NULL, NULL,"{\"Saturday\":[\"closed\",\"closed\"],\"Sunday\":[\"closed\",\"closed\"],\"Monday\":[\"closed\",\"closed\"],\"Tuseday\":[\"closed\",\"closed\"],\"Wednesday\":[\"closed\",\"closed\"],\"Thursday\":[\"closed\",\"closed\"],\"Friday\":[\"closed\",\"closed\"]}",3,NULL,NULL),(1049,'Muhammad Majid Muhammad Ali Hamada','resturant10x@gmail.com','$2b$10$7eiDRTOyFwt97HTRI4E9deDwgQnH8HsNin13Tagefp3y4MO6lHLay',2,NULL,7820665,'Hamada iPhone','{\"lat\":\"31.5122166\",\"lng\":\"34.4687593\"}','Al-Tuffah Al-Mashaher Street in front of Al-Badr Factory', NULL, NULL,NULL, NULL, NULL,"{\"Saturday\":[\"closed\",\"closed\"],\"Sunday\":[\"closed\",\"closed\"],\"Monday\":[\"closed\",\"closed\"],\"Tuseday\":[\"closed\",\"closed\"],\"Wednesday\":[\"closed\",\"closed\"],\"Thursday\":[\"closed\",\"closed\"],\"Friday\":[\"closed\",\"closed\"]}",3,NULL,NULL),(1050,'Bashar Hamouda Saleh Hamadeh','resturant11x@gmail.com','$2b$10$eKPwmXjFD0lb1KpxY0PiF./gGI2VbNZmDcNXQ4EG9J2pvgesSaNcG',2,NULL,9778322,'Hamada Petroleum','{\"lat\":\"31.5108696\",\"lng\":\"34.4349508\"}','Gaza - Tal Al-Hawa - Financial Junction', NULL, NULL,NULL, NULL, NULL,"{\"Saturday\":[\"closed\",\"closed\"],\"Sunday\":[\"closed\",\"closed\"],\"Monday\":[\"closed\",\"closed\"],\"Tuseday\":[\"closed\",\"closed\"],\"Wednesday\":[\"closed\",\"closed\"],\"Thursday\":[\"closed\",\"closed\"],\"Friday\":[\"closed\",\"closed\"]}",3,NULL,NULL),(1051,'Mohamed Mounir Ahmed Mahmoud','resturant12x@gmail.com','$2b$10$qTBY5NSpKTTcJSGdMzTc0.1wrfsdMwdQmVBCtsZ2OtfT4ftNXiVk6',2,NULL,8609967,'Hamza','{\"lat\":\"31.4560187\",\"lng\":\"34.39122028\"}','Al-Bureij - west of Abu Rassas roundabout - Al-Wasat Street', NULL, NULL,NULL, NULL, NULL,"{\"Saturday\":[\"closed\",\"closed\"],\"Sunday\":[\"closed\",\"closed\"],\"Monday\":[\"closed\",\"closed\"],\"Tuseday\":[\"closed\",\"closed\"],\"Wednesday\":[\"closed\",\"closed\"],\"Thursday\":[\"closed\",\"closed\"],\"Friday\":[\"closed\",\"closed\"]}",3,NULL,NULL),(1052,'Rami Musa Abu Musa','resturant13x@gmail.com','$2b$10$JM0f3hKMRXF2b24iswoX4O6yT9dCea.an7T82EuOS0KDqoDTYhy2u',2,NULL,5805502,'Hamza for electrical appliances and mobiles','{\"lat\":\"31.3024565\",\"lng\":\"34.3186449\"}','In front of the European Hospital', NULL, NULL,NULL, NULL, NULL,"{\"Saturday\":[\"closed\",\"closed\"],\"Sunday\":[\"closed\",\"closed\"],\"Monday\":[\"closed\",\"closed\"],\"Tuseday\":[\"closed\",\"closed\"],\"Wednesday\":[\"closed\",\"closed\"],\"Thursday\":[\"closed\",\"closed\"],\"Friday\":[\"closed\",\"closed\"]}",3,NULL,NULL),(1053,'Muhammad Nabil Muhammad Al-Maghari','resturant14x@gmail.com','$2b$10$mpp.OzR9nJdy1UTj/FHOsupteNTCS2DhStJj3bcqKHVJO.e76lOS.',2,NULL,599064343,'Hamza Mobile','{\"lat\":\"31.42204046\",\"lng\":\"34.3830056\"}','Main Street', NULL, NULL,NULL, NULL, NULL,"{\"Saturday\":[\"closed\",\"closed\"],\"Sunday\":[\"closed\",\"closed\"],\"Monday\":[\"closed\",\"closed\"],\"Tuseday\":[\"closed\",\"closed\"],\"Wednesday\":[\"closed\",\"closed\"],\"Thursday\":[\"closed\",\"closed\"],\"Friday\":[\"closed\",\"closed\"]}",3,NULL,NULL),(1054,'Mohammed Abdul Karim Hammouda','resturant16x@gmail.com','$2b$10$y1X3uR8UDfkoZpWTEubzb.2d39UUa1xCTBBkKcAfrYRJEdjM.qCY6',2,NULL,8757636,'Hammouda Exchange_Mohammed Hammouda','{\"lat\":\"31.5068972\",\"lng\":\"34.4309525\"}','Tel Al-Hawa next to Al-Quds Hospital', NULL, NULL,NULL, NULL, NULL,"{\"Saturday\":[\"closed\",\"closed\"],\"Sunday\":[\"closed\",\"closed\"],\"Monday\":[\"closed\",\"closed\"],\"Tuseday\":[\"closed\",\"closed\"],\"Wednesday\":[\"closed\",\"closed\"],\"Thursday\":[\"closed\",\"closed\"],\"Friday\":[\"closed\",\"closed\"]}",3,NULL,NULL),(1055,'Khaled Adnan Saleh Musleh','resturant17x@gmail.com','$2b$10$TVuxgUQFglcnpNath/23cuaBQp6bOn2hphygcIbOiUlN6JWzWo8p2',2,NULL,8684165,'Khaled Vaughn','{\"lat\":\"31.42075702\",\"lng\":\"34.38532197\"}','The main street in front of the Great Mosque', NULL, NULL,NULL, NULL, NULL,"{\"Saturday\":[\"closed\",\"closed\"],\"Sunday\":[\"closed\",\"closed\"],\"Monday\":[\"closed\",\"closed\"],\"Tuseday\":[\"closed\",\"closed\"],\"Wednesday\":[\"closed\",\"closed\"],\"Thursday\":[\"closed\",\"closed\"],\"Friday\":[\"closed\",\"closed\"]}",3,NULL,NULL),(1056,'Mutasim Billah Aqilan','resturant18x@gmail.com','$2b$10$1gVpqQBW4wl7c6N7RDBRYO22R5oZUnQpb7rb6UbsrhqWOlnpR8vTm',2,NULL,7414447,'Money Exchange House','{\"lat\":\"31.5314329\",\"lng\":\"34.4446197\"}','Ghaz al-Shati in front of the White Mosque', NULL, NULL,NULL, NULL, NULL,"{\"Saturday\":[\"closed\",\"closed\"],\"Sunday\":[\"closed\",\"closed\"],\"Monday\":[\"closed\",\"closed\"],\"Tuseday\":[\"closed\",\"closed\"],\"Wednesday\":[\"closed\",\"closed\"],\"Thursday\":[\"closed\",\"closed\"],\"Friday\":[\"closed\",\"closed\"]}",3,NULL,NULL),(1057,'Mohamed Ibrahim Mohamed Harb','resturant19x@gmail.com','$2b$10$odBnylRTq0J8GCrA0tQ8aewwXHloQWNE9PhAlLWpeIq03G6virFoG',2,NULL,8624297,'Dark blue','{\"lat\":\"31.5021752\",\"lng\":\"34.4680492\"}','Shejaiya Street, Baghdad', NULL, NULL,NULL, NULL, NULL,"{\"Saturday\":[\"closed\",\"closed\"],\"Sunday\":[\"closed\",\"closed\"],\"Monday\":[\"closed\",\"closed\"],\"Tuseday\":[\"closed\",\"closed\"],\"Wednesday\":[\"closed\",\"closed\"],\"Thursday\":[\"closed\",\"closed\"],\"Friday\":[\"closed\",\"closed\"]}",3,NULL,NULL),(1058,'Hassan Mohammed Qandil Qandil','resturant20x@gmail.com','$2b$10$s68t759BEqlA8NkMYA3t/.ZzXRb6/jJ7SVQ9fjGUyhZRsF8IQf6Cu',2,NULL,599480327,'Dream Center','{\"lat\":\"31.310238\",\"lng\":\"34.2415651\"}','Hill of Sultan', NULL, NULL,NULL, NULL, NULL,"{\"Saturday\":[\"closed\",\"closed\"],\"Sunday\":[\"closed\",\"closed\"],\"Monday\":[\"closed\",\"closed\"],\"Tuseday\":[\"closed\",\"closed\"],\"Wednesday\":[\"closed\",\"closed\"],\"Thursday\":[\"closed\",\"closed\"],\"Friday\":[\"closed\",\"closed\"]}",3,NULL,NULL),(1059,'Khaled Youssef Hussein Dakka','resturant21x@gmail.com','$2b$10$YAuXWQ1yQIuX3/fqzUp/ue9x/zNE.CszpXGF5QYlL6cW20Gm1nrUa',2,NULL,8746122,'Dakah Communications _ Khaled Dakka','{\"lat\":\"31.5248984\",\"lng\":\"34.4895197\"}','Tenderness', NULL, NULL,NULL, NULL, NULL,"{\"Saturday\":[\"closed\",\"closed\"],\"Sunday\":[\"closed\",\"closed\"],\"Monday\":[\"closed\",\"closed\"],\"Tuseday\":[\"closed\",\"closed\"],\"Wednesday\":[\"closed\",\"closed\"],\"Thursday\":[\"closed\",\"closed\"],\"Friday\":[\"closed\",\"closed\"]}",3,NULL,NULL),(1060,'Mohammed Mesbah Deeb Dalloul','resturant22x@gmail.com','$2b$10$5Eg3j0maYrkq2eqD0RLM2eGSP5.Gh7jhuhgbCE6IjTdZaoVNoWjeG',2,NULL,9377903,'Dallol Tech','{\"lat\":\"31.4993284\",\"lng\":\"34.454918\"}','Olive Street 8 crossroads', NULL, NULL,NULL, NULL, NULL,"{\"Saturday\":[\"closed\",\"closed\"],\"Sunday\":[\"closed\",\"closed\"],\"Monday\":[\"closed\",\"closed\"],\"Tuseday\":[\"closed\",\"closed\"],\"Wednesday\":[\"closed\",\"closed\"],\"Thursday\":[\"closed\",\"closed\"],\"Friday\":[\"closed\",\"closed\"]}",3,NULL,NULL),(1061,'Dallol iPhone','resturant23x@gmail.com','$2b$10$rqZLs/66bQJTaHOD6WTUKeRdLBXf27KVdvoylElfTKqkw46SzFQaC',2,NULL,567822272,'Dallol iPhone','{\"lat\":\"31.5080854\",\"lng\":\"34.4310305\"}','Tell Al-Hawa in front of Al-Dahshan', NULL, NULL,NULL, NULL, NULL,"{\"Saturday\":[\"closed\",\"closed\"],\"Sunday\":[\"closed\",\"closed\"],\"Monday\":[\"closed\",\"closed\"],\"Tuseday\":[\"closed\",\"closed\"],\"Wednesday\":[\"closed\",\"closed\"],\"Thursday\":[\"closed\",\"closed\"],\"Friday\":[\"closed\",\"closed\"]}",3,NULL,NULL),(1062,'Mahmoud Abdel Majeed Mahmoud Younis','resturant24x@gmail.com','$2b$10$hovX6alD9IE1/HEP6YghB.d1gjh5fGRFhWf2R1DoVCMK7KGtiSeeu',2,NULL,568629846,'Donia Telecom_ Mahmoud Younis','{\"lat\":\"31.3074915\",\"lng\":\"34.2445078\"}','Rafah, Tal al-Sultan', NULL, NULL,NULL, NULL, NULL,"{\"Saturday\":[\"closed\",\"closed\"],\"Sunday\":[\"closed\",\"closed\"],\"Monday\":[\"closed\",\"closed\"],\"Tuseday\":[\"closed\",\"closed\"],\"Wednesday\":[\"closed\",\"closed\"],\"Thursday\":[\"closed\",\"closed\"],\"Friday\":[\"closed\",\"closed\"]}",3,NULL,NULL),(1063,'Muhammed Bashir Khidr Dhiz','resturant25x@gmail.com','$2b$10$0Qt0N8pHt8HBfKVvR7Er1O1UuS0esfRbRTw6ok6aSmP5BHbQhUzu2',2,NULL,7077660,'Vestibule Mobile','{\"lat\":\"31.3016772\",\"lng\":\"34.2501858\"}','Rafah', NULL, NULL,NULL, NULL, NULL,"{\"Saturday\":[\"closed\",\"closed\"],\"Sunday\":[\"closed\",\"closed\"],\"Monday\":[\"closed\",\"closed\"],\"Tuseday\":[\"closed\",\"closed\"],\"Wednesday\":[\"closed\",\"closed\"],\"Thursday\":[\"closed\",\"closed\"],\"Friday\":[\"closed\",\"closed\"]}",3,NULL,NULL),(1064,'Digital House','resturant26x@gmail.com','$2b$10$A65qoLdINFxRLXOWR.lzEOSiNIU8HVe5FJ6zSSw0sj3k5UXxT8EoK',2,NULL,568408061,'Digital House','{\"lat\":\"31.5391065\",\"lng\":\"34.4967422\"}','Repentance', NULL, NULL,NULL, NULL, NULL,"{\"Saturday\":[\"closed\",\"closed\"],\"Sunday\":[\"closed\",\"closed\"],\"Monday\":[\"closed\",\"closed\"],\"Tuseday\":[\"closed\",\"closed\"],\"Wednesday\":[\"closed\",\"closed\"],\"Thursday\":[\"closed\",\"closed\"],\"Friday\":[\"closed\",\"closed\"]}",3,NULL,NULL),(1065,'Mohammed Salem Abdul Rahman Abu Tawaheen','resturant27x@gmail.com','$2b$10$GdPzcqSaK6/5iuvKD.IdMuAjYhX5eQ/tpBA/0pBUqAGi7Lmnjyyyy',2,NULL,9444557,'Dirna','{\"lat\":\"31.41838819\",\"lng\":\"34.35177372\"}','Deir Al-Balah commercial street', NULL, NULL,NULL, NULL, NULL,"{\"Saturday\":[\"closed\",\"closed\"],\"Sunday\":[\"closed\",\"closed\"],\"Monday\":[\"closed\",\"closed\"],\"Tuseday\":[\"closed\",\"closed\"],\"Wednesday\":[\"closed\",\"closed\"],\"Thursday\":[\"closed\",\"closed\"],\"Friday\":[\"closed\",\"closed\"]}",3,NULL,NULL),(1066,'Ramez Abu Salim','resturant28x@gmail.com','$2b$10$UUqZwS5mZSTxDuJz20j2SeYtlmy2PRB6IC0kmY5841uDsheNCHfo2',2,NULL,599771698,'Dima Vaughn','{\"lat\":\"31.42051361\",\"lng\":\"34.346219\"}','Dair Al Balah', NULL, NULL,NULL, NULL, NULL,"{\"Saturday\":[\"closed\",\"closed\"],\"Sunday\":[\"closed\",\"closed\"],\"Monday\":[\"closed\",\"closed\"],\"Tuseday\":[\"closed\",\"closed\"],\"Wednesday\":[\"closed\",\"closed\"],\"Thursday\":[\"closed\",\"closed\"],\"Friday\":[\"closed\",\"closed\"]}",3,NULL,NULL),(1067,'Ramy Lafi','resturant29x@gmail.com','$2b$10$qYTVpEb7BguUWJyoJIxgC.vlQymJoyznoU2gpX5eB10Bk6LuQ.b2G',2,NULL,9444699,'Ramy Mobile','{\"lat\":\"31.5126935\",\"lng\":\"34.473808\"}','Gaza Strip, Jaffa Street, opposite Amaat Al-Malash', NULL, NULL,NULL, NULL, NULL,"{\"Saturday\":[\"closed\",\"closed\"],\"Sunday\":[\"closed\",\"closed\"],\"Monday\":[\"closed\",\"closed\"],\"Tuseday\":[\"closed\",\"closed\"],\"Wednesday\":[\"closed\",\"closed\"],\"Thursday\":[\"closed\",\"closed\"],\"Friday\":[\"closed\",\"closed\"]}",3,NULL,NULL),(1068,'Nael Ahed Ahmed Al-Ashi','resturant30x@gmail.com','$2b$10$.C8IkKPOXKE0a.OpZuiV6.8HHrdJZKlPr4SSTUDdmuo32hwbXnBaK',2,NULL,8646278,'Ringen Communications - Nayel Al Ashi','{\"lat\":\"31.5215933\",\"lng\":\"34.4612576\"}','Yarmouk Street, east Ramzoun Al Ghafri', NULL, NULL,NULL, NULL, NULL,"{\"Saturday\":[\"closed\",\"closed\"],\"Sunday\":[\"closed\",\"closed\"],\"Monday\":[\"closed\",\"closed\"],\"Tuseday\":[\"closed\",\"closed\"],\"Wednesday\":[\"closed\",\"closed\"],\"Thursday\":[\"closed\",\"closed\"],\"Friday\":[\"closed\",\"closed\"]}",3,NULL,NULL),(1069,'Mohammed Nabil Sheikh','resturant31x@gmail.com','$2b$10$5MfuweNGki8amM1WyYy2Sux6XJjLEYSIV4Wuv6hB/RE01x58oypcS',2,NULL,2609697,'Rowan for computers and mobiles','{\"lat\":\"31.5362232\",\"lng\":\"34.4616317\"}','Al-Nasr near Bahloul station', NULL, NULL,NULL, NULL, NULL,"{\"Saturday\":[\"closed\",\"closed\"],\"Sunday\":[\"closed\",\"closed\"],\"Monday\":[\"closed\",\"closed\"],\"Tuseday\":[\"closed\",\"closed\"],\"Wednesday\":[\"closed\",\"closed\"],\"Thursday\":[\"closed\",\"closed\"],\"Friday\":[\"closed\",\"closed\"]}",3,NULL,NULL),(1070,'Misbah Ali Misbah Al Hindi','resturant32x@gmail.com','$2b$10$MR7/3v2wVMbobCL8lvM7eeockWqlptsVoNVO36FBuAEZa6.V8Wg2.',2,NULL,8741097,'Real IT','{\"lat\":\"31.540043\",\"lng\":\"34.5003074\"}','Beit Lahia Project - Main Street - Al Hindi Junction', NULL, NULL,NULL, NULL, NULL,"{\"Saturday\":[\"closed\",\"closed\"],\"Sunday\":[\"closed\",\"closed\"],\"Monday\":[\"closed\",\"closed\"],\"Tuseday\":[\"closed\",\"closed\"],\"Wednesday\":[\"closed\",\"closed\"],\"Thursday\":[\"closed\",\"closed\"],\"Friday\":[\"closed\",\"closed\"]}",3,NULL,NULL),(1071,'Bilal Zuhair Slot','resturant34x@gmail.com','$2b$10$9Sasd.C4lmVZoneGdsd2ze7a0J/6DpVe4WDhkIbxW.PafMN0l4pp6',2,NULL,7754090,'Retaj iPhone','{\"lat\":\"31.3419094\",\"lng\":\"34.3255055\"}','Bani Suhaila Main Street', NULL, NULL,NULL, NULL, NULL,"{\"Saturday\":[\"closed\",\"closed\"],\"Sunday\":[\"closed\",\"closed\"],\"Monday\":[\"closed\",\"closed\"],\"Tuseday\":[\"closed\",\"closed\"],\"Wednesday\":[\"closed\",\"closed\"],\"Thursday\":[\"closed\",\"closed\"],\"Friday\":[\"closed\",\"closed\"]}",3,NULL,NULL),(1072,'Haitham Mohiuddin Fayyad','resturant33x@gmail.com','$2b$10$M2zaXLNtQLOWuRd2iEVymuFIwQB/16PG/3Q4M8Civ8nUn/9PMr7qO',2,NULL,568729005,'Real Service - Haitham Fayyad','{\"lat\":\"31.5154839\",\"lng\":\"34.4539699\"}','Gaza unit in front of the court', NULL, NULL,NULL, NULL, NULL,"{\"Saturday\":[\"closed\",\"closed\"],\"Sunday\":[\"closed\",\"closed\"],\"Monday\":[\"closed\",\"closed\"],\"Tuseday\":[\"closed\",\"closed\"],\"Wednesday\":[\"closed\",\"closed\"],\"Thursday\":[\"closed\",\"closed\"],\"Friday\":[\"closed\",\"closed\"]}",3,NULL,NULL),(1073,'Hikmat Majid Hikmat Sultan','resturant35x@gmail.com','$2b$10$ez12iG.sdVPXvKPg3yGIr.X6tnVQ6dCOkEmsD7s96mAaXIHayPWiS',2,NULL,8977194,'Rayfoun Store_Hikmat Sultan','{\"lat\":\"31.5298666\",\"lng\":\"34.4688713\"}','Al-Galaa Street, Sheikh Radwan intersection, at the main intersection', NULL, NULL,NULL, NULL, NULL,"{\"Saturday\":[\"closed\",\"closed\"],\"Sunday\":[\"closed\",\"closed\"],\"Monday\":[\"closed\",\"closed\"],\"Tuseday\":[\"closed\",\"closed\"],\"Wednesday\":[\"closed\",\"closed\"],\"Thursday\":[\"closed\",\"closed\"],\"Friday\":[\"closed\",\"closed\"]}",3,NULL,NULL),(1074,'Mohammed Abdul Rahman Zaqout','resturant37x@gmail.com','$2b$10$NWb04LmHSwVDCydeLZbp/ufn5qyN.gxvy0VmNgvLkxkDphBkMwUsS',2,NULL,7718876,'Zaqout Al-Bureij','{\"lat\":\"31.44136281\",\"lng\":\"34.40431627\"}','Al-Bureij General Circle', NULL, NULL,NULL, NULL, NULL,"{\"Saturday\":[\"closed\",\"closed\"],\"Sunday\":[\"closed\",\"closed\"],\"Monday\":[\"closed\",\"closed\"],\"Tuseday\":[\"closed\",\"closed\"],\"Wednesday\":[\"closed\",\"closed\"],\"Thursday\":[\"closed\",\"closed\"],\"Friday\":[\"closed\",\"closed\"]}",3,NULL,NULL),(1075,'Mohammed Al-Zahharna','resturant39x@gmail.com','$2b$10$YpsfrPRfB027Jg7E1gHiiOyiNpxKUARGcP5viCWJgzYsInAX66A6S',2,NULL,8742611,'Zero One_Muhammad Al-Zaharna','{\"lat\":\"31.5108243\",\"lng\":\"34.4587826\"}','Al-Wehda Street, opposite Al-Asi Furniture', NULL, NULL,NULL, NULL, NULL,"{\"Saturday\":[\"closed\",\"closed\"],\"Sunday\":[\"closed\",\"closed\"],\"Monday\":[\"closed\",\"closed\"],\"Tuseday\":[\"closed\",\"closed\"],\"Wednesday\":[\"closed\",\"closed\"],\"Thursday\":[\"closed\",\"closed\"],\"Friday\":[\"closed\",\"closed\"]}",3,NULL,NULL),(1076,'Mahmoud Zaqout','resturant38x@gmail.com','$2b$10$AXCZBiyiZ7r8opAd2OJVd.AFwNM11KMzqPEyTyx2L7p2uW16JqsvK',2,NULL,598337883,'Zaqout fon_mahmoud Zaqout','{\"lat\":\"31.5304985\",\"lng\":\"34.4438521\"}','The beach is next to Ghaben coffee', NULL, NULL,NULL, NULL, NULL,"{\"Saturday\":[\"closed\",\"closed\"],\"Sunday\":[\"closed\",\"closed\"],\"Monday\":[\"closed\",\"closed\"],\"Tuseday\":[\"closed\",\"closed\"],\"Wednesday\":[\"closed\",\"closed\"],\"Thursday\":[\"closed\",\"closed\"],\"Friday\":[\"closed\",\"closed\"]}",3,NULL,NULL),(1077,'Ibrahim Fayek Zain El Din','resturant40x@gmail.com','$2b$10$wj4jkxOKYKA4Eygqb5BOo.P2ewe9eBDzFauEN0cJ2vWy/SEEhnpTe',2,NULL,7654515,'Zen iPhone','{\"lat\":\"31.5132802\",\"lng\":\"34.4491263\"}','Conquer the Saraya', NULL, NULL,NULL, NULL, NULL,"{\"Saturday\":[\"closed\",\"closed\"],\"Sunday\":[\"closed\",\"closed\"],\"Monday\":[\"closed\",\"closed\"],\"Tuseday\":[\"closed\",\"closed\"],\"Wednesday\":[\"closed\",\"closed\"],\"Thursday\":[\"closed\",\"closed\"],\"Friday\":[\"closed\",\"closed\"]}",3,NULL,NULL),(1078,'Mahmoud Abu Omaira','resturant41x@gmail.com','$2b$10$78YEIu4YUnFqKT2K.rocfe7QPEXvGXzsMt36xULKwomZGP0uojzTW',2,NULL,8682674,'Zain Computer _ Mahmoud Abu Omaira','{\"lat\":\"31.5366964\",\"lng\":\"34.5055185\"}','Jabalia - Zayed Circle - Abu Attia Street', NULL, NULL,NULL, NULL, NULL,"{\"Saturday\":[\"closed\",\"closed\"],\"Sunday\":[\"closed\",\"closed\"],\"Monday\":[\"closed\",\"closed\"],\"Tuseday\":[\"closed\",\"closed\"],\"Wednesday\":[\"closed\",\"closed\"],\"Thursday\":[\"closed\",\"closed\"],\"Friday\":[\"closed\",\"closed\"]}",3,NULL,NULL),(1079,'Mazen Ashour Abdul Malik Salem Deeb','resturant42x@gmail.com','$2b$10$FqRfK85tvBspkaMLbFeJdOOWM2eWTk84tDsKuElTQViKz0Wpf5Sta',2,NULL,9444668,'Salem Mobile','{\"lat\":\"31.5396546\",\"lng\":\"34.5066774\"}','Beit Lahiya, the main street, in front of the Bank of Palestine', NULL, NULL,NULL, NULL, NULL,"{\"Saturday\":[\"closed\",\"closed\"],\"Sunday\":[\"closed\",\"closed\"],\"Monday\":[\"closed\",\"closed\"],\"Tuseday\":[\"closed\",\"closed\"],\"Wednesday\":[\"closed\",\"closed\"],\"Thursday\":[\"closed\",\"closed\"],\"Friday\":[\"closed\",\"closed\"]}",3,NULL,NULL),(1080,'Samer Mohammed Mustafa Abu Kamil','resturant43x@gmail.com','$2b$10$ExFYvR/Lpp3.Xk5f9DDBke4VdhhJ/B7OTNjpsWVsysWdbHdUpnGRi',2,NULL,567800011,'Samer Mobile','{\"lat\":\"31.5209872\",\"lng\":\"34.4471985\"}','Gaza Al Wehda Street junction Palmyra', NULL, NULL,NULL, NULL, NULL,"{\"Saturday\":[\"closed\",\"closed\"],\"Sunday\":[\"closed\",\"closed\"],\"Monday\":[\"closed\",\"closed\"],\"Tuseday\":[\"closed\",\"closed\"],\"Wednesday\":[\"closed\",\"closed\"],\"Thursday\":[\"closed\",\"closed\"],\"Friday\":[\"closed\",\"closed\"]}",3,NULL,NULL),(1081,'Mahmoud Moein Al-Masry','resturant46x@gmail.com','$2b$10$tJk40HhGH5lxfdatSvP9t.PAiboOIBQHxDWqE2.GxSX9tmLVCMRba',2,NULL,9955402,'Star Phone_ Mahmoud Al-Masry','{\"lat\":\"31.2848858\",\"lng\":\"34.2541804\"}','Rafah', NULL, NULL,NULL, NULL, NULL,"{\"Saturday\":[\"closed\",\"closed\"],\"Sunday\":[\"closed\",\"closed\"],\"Monday\":[\"closed\",\"closed\"],\"Tuseday\":[\"closed\",\"closed\"],\"Wednesday\":[\"closed\",\"closed\"],\"Thursday\":[\"closed\",\"closed\"],\"Friday\":[\"closed\",\"closed\"]}",3,NULL,NULL),(1082,'Ahmed Abu Hashem','resturant47x@gmail.com','$2b$10$Loh4Ysubxs6vBBI.hXhbM./.gNJCeB7uG6SG1HKTBw98eAN9SE4UK',2,NULL,8645572,'Star Life','{\"lat\":\"31.2841753\",\"lng\":\"34.250282\"}','Rafah - Al-Balad - Western Garage', NULL, NULL,NULL, NULL, NULL,"{\"Saturday\":[\"closed\",\"closed\"],\"Sunday\":[\"closed\",\"closed\"],\"Monday\":[\"closed\",\"closed\"],\"Tuseday\":[\"closed\",\"closed\"],\"Wednesday\":[\"closed\",\"closed\"],\"Thursday\":[\"closed\",\"closed\"],\"Friday\":[\"closed\",\"closed\"]}",3,NULL,NULL),(1083,'Store Care','resturant48x@gmail.com','$2b$10$u7tqub6lmjE0fDfrcv63QOHwpkBh8LQHq60asbB5IigianND70FHi',2,NULL,569444778,'Store Care','{\"lat\":\"31.5036239\",\"lng\":\"34.4640648\"}','Gaza', NULL, NULL,NULL, NULL, NULL,"{\"Saturday\":[\"closed\",\"closed\"],\"Sunday\":[\"closed\",\"closed\"],\"Monday\":[\"closed\",\"closed\"],\"Tuseday\":[\"closed\",\"closed\"],\"Wednesday\":[\"closed\",\"closed\"],\"Thursday\":[\"closed\",\"closed\"],\"Friday\":[\"closed\",\"closed\"]}",3,NULL,NULL),(1084,'Raed Al-Bakri','resturant49x@gmail.com','$2b$10$pdBcrimdEzhpDcAdGuFQ4.YINHMxnYI7sFAg4cRvBA/YExCzC9Via',2,NULL,598096608,'Sky Phone_Rayed Albakry','{\"lat\":\"31.5317635\",\"lng\":\"34.4674535\"}','Sheikh Radwan - Junction of the Bridge', NULL, NULL,NULL, NULL, NULL,"{\"Saturday\":[\"closed\",\"closed\"],\"Sunday\":[\"closed\",\"closed\"],\"Monday\":[\"closed\",\"closed\"],\"Tuseday\":[\"closed\",\"closed\"],\"Wednesday\":[\"closed\",\"closed\"],\"Thursday\":[\"closed\",\"closed\"],\"Friday\":[\"closed\",\"closed\"]}",3,NULL,NULL),(1085,'Abdul Rahman Rami Al-Kurdi','resturant50x@gmail.com','$2b$10$FcDCjOpMxlLbaF.ezDur4.nu9oyprT8mBNe/GkMeFyMNxOFp3I0ji',2,NULL,595918187,'Salsabil Communications - Abdul Rahman Al-Kurdi','{\"lat\":\"31.5370247\",\"lng\":\"34.4646316\"}','Sheikh Radwan - Al-Shuhada Square Street', NULL, NULL,NULL, NULL, NULL,"{\"Saturday\":[\"closed\",\"closed\"],\"Sunday\":[\"closed\",\"closed\"],\"Monday\":[\"closed\",\"closed\"],\"Tuseday\":[\"closed\",\"closed\"],\"Wednesday\":[\"closed\",\"closed\"],\"Thursday\":[\"closed\",\"closed\"],\"Friday\":[\"closed\",\"closed\"]}",3,NULL,NULL),(1086,'Khaled Deeb Abu Sultan','resturant51x@gmail.com','$2b$10$MlRIKxIqsU8Vvbkuuo9LLuzUo.o3Cjk8JJv1KbqscPmWjLqPsUq6.',2,NULL,8880079,'Sultan Mobile','{\"lat\":\"31.5319864\",\"lng\":\"34.4671927\"}','Sheikh Radwan bridge', NULL, NULL,NULL, NULL, NULL,"{\"Saturday\":[\"closed\",\"closed\"],\"Sunday\":[\"closed\",\"closed\"],\"Monday\":[\"closed\",\"closed\"],\"Tuseday\":[\"closed\",\"closed\"],\"Wednesday\":[\"closed\",\"closed\"],\"Thursday\":[\"closed\",\"closed\"],\"Friday\":[\"closed\",\"closed\"]}",3,NULL,NULL),(1087,'Hamza Zakaria Abdul Karim Nakhalah','resturant52x@gmail.com','$2b$10$xdbARxVgJY4TPHMXWXt0RO2goFoxCTdKmK/JHyS88eSil.bHWRooe',2,NULL,8201660,'Silver Mobile','{\"lat\":\"31.5127353\",\"lng\":\"34.4659715\"}','Gaza stairs Al-Tawbah mosque', NULL, NULL,NULL, NULL, NULL,"{\"Saturday\":[\"closed\",\"closed\"],\"Sunday\":[\"closed\",\"closed\"],\"Monday\":[\"closed\",\"closed\"],\"Tuseday\":[\"closed\",\"closed\"],\"Wednesday\":[\"closed\",\"closed\"],\"Thursday\":[\"closed\",\"closed\"],\"Friday\":[\"closed\",\"closed\"]}",3,NULL,NULL),(1088,'Mazen Muhammed Tayem Abulban','resturant53x@gmail.com','$2b$10$lkJu2c3/I91zvDFkOXkS5OIfuAJRu3jroI7G72f0XB32vwk/GlaSa',2,NULL,598337980,'My predecessor iPhone','{\"lat\":\"31.5020989\",\"lng\":\"34.4682812\"}','Shejaiya', NULL, NULL,NULL, NULL, NULL,"{\"Saturday\":[\"closed\",\"closed\"],\"Sunday\":[\"closed\",\"closed\"],\"Monday\":[\"closed\",\"closed\"],\"Tuseday\":[\"closed\",\"closed\"],\"Wednesday\":[\"closed\",\"closed\"],\"Thursday\":[\"closed\",\"closed\"],\"Friday\":[\"closed\",\"closed\"]}",3,NULL,NULL),(1089,'Wael Salmi','resturant54x@gmail.com','$2b$10$3SVv3xwG.pklUQ7QHnzRs.Gf9/opkdmVC3uaCAMic/3Qh4mhAjhgK',2,NULL,568880106,'Salami For Exchange and Communications','{\"lat\":\"31.5165513\",\"lng\":\"34.4505235\"}','Gaza sand', NULL, NULL,NULL, NULL, NULL,"{\"Saturday\":[\"closed\",\"closed\"],\"Sunday\":[\"closed\",\"closed\"],\"Monday\":[\"closed\",\"closed\"],\"Tuseday\":[\"closed\",\"closed\"],\"Wednesday\":[\"closed\",\"closed\"],\"Thursday\":[\"closed\",\"closed\"],\"Friday\":[\"closed\",\"closed\"]}",3,NULL,NULL),(1090,'Suleiman Al-Najjar','resturant55x@gmail.com','$2b$10$Cg.yNPh6wORJ9fW6jEw7h.6uBESNV4/OJM40tiQ6rAyQxsdLsEwTO',2,NULL,568347248,'Solomon Vaughn','{\"lat\":\"31.3092578\",\"lng\":\"34.3645911\"}','Khuza\'a Main Street', NULL, NULL,NULL, NULL, NULL,"{\"Saturday\":[\"closed\",\"closed\"],\"Sunday\":[\"closed\",\"closed\"],\"Monday\":[\"closed\",\"closed\"],\"Tuseday\":[\"closed\",\"closed\"],\"Wednesday\":[\"closed\",\"closed\"],\"Thursday\":[\"closed\",\"closed\"],\"Friday\":[\"closed\",\"closed\"]}",3,NULL,NULL),(1091,'Youssef Enaya','resturant56x@gmail.com','$2b$10$8bmaJ1jZj72fjy1tQJXUTuDtVEvzmUB8jzfkCJ1JGf56qIIpz1CDu',2,NULL,8687490,'Sama Fon_Youssef Enaya','{\"lat\":\"31.5265264\",\"lng\":\"34.4434929\"}','Gaza - Al-Nasr behind Al-Shifa next to Al-Sabreen Mosque', NULL, NULL,NULL, NULL, NULL,"{\"Saturday\":[\"closed\",\"closed\"],\"Sunday\":[\"closed\",\"closed\"],\"Monday\":[\"closed\",\"closed\"],\"Tuseday\":[\"closed\",\"closed\"],\"Wednesday\":[\"closed\",\"closed\"],\"Thursday\":[\"closed\",\"closed\"],\"Friday\":[\"closed\",\"closed\"]}",3,NULL,NULL),(1092,'Ismail Essam Ismail Sarsour','resturant57x@gmail.com','$2b$10$wGq6xRVbd6EsDtgxEhG0Oe9GTyjeAuF29Hf43dqbtXi5Gqy2DAbMC',2,NULL,9916900,'Sama for Communications and Information Technology','{\"lat\":\"31.4185569\",\"lng\":\"34.3496021\"}','Country', NULL, NULL,NULL, NULL, NULL,"{\"Saturday\":[\"closed\",\"closed\"],\"Sunday\":[\"closed\",\"closed\"],\"Monday\":[\"closed\",\"closed\"],\"Tuseday\":[\"closed\",\"closed\"],\"Wednesday\":[\"closed\",\"closed\"],\"Thursday\":[\"closed\",\"closed\"],\"Friday\":[\"closed\",\"closed\"]}",3,NULL,NULL),(1093,'Khaled Mahmoud Abu Zeina','resturant58x@gmail.com','$2b$10$hwx5MaZmdiwKveTD4GHfBOIjK3vwEnYfXJAlmgC0GDw0t.716tI0W',2,NULL,597773944,'Smart Tech - Khaled Abu Zina','{\"lat\":\"31.5041498\",\"lng\":\"34.4320502\"}','Tal Al-Hawa Al-Abraj in front of the ambulance', NULL, NULL,NULL, NULL, NULL,"{\"Saturday\":[\"closed\",\"closed\"],\"Sunday\":[\"closed\",\"closed\"],\"Monday\":[\"closed\",\"closed\"],\"Tuseday\":[\"closed\",\"closed\"],\"Wednesday\":[\"closed\",\"closed\"],\"Thursday\":[\"closed\",\"closed\"],\"Friday\":[\"closed\",\"closed\"]}",3,NULL,NULL),(1094,'Youssef Ayman Kamal Al-Rifi','resturant59x@gmail.com','$2b$10$9REW8hJLA4n8OEbxJCmO3enrCvdWRhCkXywoAW/j57VhVCp/ndg.2',2,NULL,567222854,'Smart phone','{\"lat\":\"31.5065055\",\"lng\":\"34.4669845\"}','Al Shawa Square', NULL, NULL,NULL, NULL, NULL,"{\"Saturday\":[\"closed\",\"closed\"],\"Sunday\":[\"closed\",\"closed\"],\"Monday\":[\"closed\",\"closed\"],\"Tuseday\":[\"closed\",\"closed\"],\"Wednesday\":[\"closed\",\"closed\"],\"Thursday\":[\"closed\",\"closed\"],\"Friday\":[\"closed\",\"closed\"]}",3,NULL,NULL),(1095,'Mahmoud Qeshta','resturant60x@gmail.com','$2b$10$eHArwLgp3501/U4Ps7ClhewaKIBkjmLjEy/qbK8YpUtt3RSTEASa2',2,NULL,8888502,'Smart Phone_Rafah','{\"lat\":\"31.2795312\",\"lng\":\"34.256129\"}','Rafah', NULL, NULL,NULL, NULL, NULL,"{\"Saturday\":[\"closed\",\"closed\"],\"Sunday\":[\"closed\",\"closed\"],\"Monday\":[\"closed\",\"closed\"],\"Tuseday\":[\"closed\",\"closed\"],\"Wednesday\":[\"closed\",\"closed\"],\"Thursday\":[\"closed\",\"closed\"],\"Friday\":[\"closed\",\"closed\"]}",3,NULL,NULL),(1096,'Mahmoud Abu Hali','resturant61x@gmail.com','$2b$10$J376jh2k.Ztz8uEox5BICedlvX7lpiq7.gOYlnb5smkuuUZ1BYkD2',2,NULL,8608598,'Smart Communications_ Mahmoud Abu Holly','{\"lat\":\"31.531518\",\"lng\":\"34.4710558\"}','Gaza - at the end of Al-Jalaa Street - opposite Saqallah Sweets', NULL, NULL,NULL, NULL, NULL,"{\"Saturday\":[\"closed\",\"closed\"],\"Sunday\":[\"closed\",\"closed\"],\"Monday\":[\"closed\",\"closed\"],\"Tuseday\":[\"closed\",\"closed\"],\"Wednesday\":[\"closed\",\"closed\"],\"Thursday\":[\"closed\",\"closed\"],\"Friday\":[\"closed\",\"closed\"]}",3,NULL,NULL),(1097,'Hazem Kamal Salah','resturant62x@gmail.com','$2b$10$BF1JaLxTQSaTEcDh0FGzIuLpbdQ6TzxQt19Xxd5WEGEEh5rTHXvuO',2,NULL,8622865,'Smarttech','{\"lat\":\"31.43898933\",\"lng\":\"34.40348794\"}','Al-Bureij Abu Rassas Circle', NULL, NULL,NULL, NULL, NULL,"{\"Saturday\":[\"closed\",\"closed\"],\"Sunday\":[\"closed\",\"closed\"],\"Monday\":[\"closed\",\"closed\"],\"Tuseday\":[\"closed\",\"closed\"],\"Wednesday\":[\"closed\",\"closed\"],\"Thursday\":[\"closed\",\"closed\"],\"Friday\":[\"closed\",\"closed\"]}",3,NULL,NULL),(1098,'Shady Benjamin Ahmed Abu Warda','resturant63x@gmail.com','$2b$10$PAcOYSGTLs/dNReC4KgSNun8O6sW5NWmcWDBslNlBSBi85P.lIo2S',2,NULL,8639728,'Smarttech Shady Abu Warda','{\"lat\":\"31.5297674\",\"lng\":\"34.4814431\"}','Catarrh vertigo', NULL, NULL,NULL, NULL, NULL,"{\"Saturday\":[\"closed\",\"closed\"],\"Sunday\":[\"closed\",\"closed\"],\"Monday\":[\"closed\",\"closed\"],\"Tuseday\":[\"closed\",\"closed\"],\"Wednesday\":[\"closed\",\"closed\"],\"Thursday\":[\"closed\",\"closed\"],\"Friday\":[\"closed\",\"closed\"]}",3,NULL,NULL),(1099,'Saleh Mohammed Saleh Abu Jazar','resturant64x@gmail.com','$2b$10$b8tB9PnVaQkYHdGYBD5gluFnVKYApL2o27tnDI8WOKLr8XUafXeFe',2,NULL,8725264,'Smile iPhone','{\"lat\":\"31.2718001\",\"lng\":\"34.2639134\"}','El Geneina University Street', NULL, NULL,NULL, NULL, NULL,"{\"Saturday\":[\"closed\",\"closed\"],\"Sunday\":[\"closed\",\"closed\"],\"Monday\":[\"closed\",\"closed\"],\"Tuseday\":[\"closed\",\"closed\"],\"Wednesday\":[\"closed\",\"closed\"],\"Thursday\":[\"closed\",\"closed\"],\"Friday\":[\"closed\",\"closed\"]}",3,NULL,NULL),(1100,'Nasser the old man','resturant65x@gmail.com','$2b$10$2z.ceI9Equur8Cxt1sQMEuQcSqDIDrxUiJKbq8N7chMD9OhAGrxkG',2,NULL,8888016,'Smile Mobile','{\"lat\":\"31.5038215\",\"lng\":\"34.4282932\"}','Gaza - Tal Al Hawa - Al Khor Roundabout', NULL, NULL,NULL, NULL, NULL,"{\"Saturday\":[\"closed\",\"closed\"],\"Sunday\":[\"closed\",\"closed\"],\"Monday\":[\"closed\",\"closed\"],\"Tuseday\":[\"closed\",\"closed\"],\"Wednesday\":[\"closed\",\"closed\"],\"Thursday\":[\"closed\",\"closed\"],\"Friday\":[\"closed\",\"closed\"]}",3,NULL,NULL),(1101,'Muhammad Yusef Mahmoud al-Nimrouti','resturant67x@gmail.com','$2b$10$Zck5186wCzEU1Qxr.vEeZ.yvZE1syi3KWFNhReXckc6LeNbE0deei',2,NULL,8620547,'Center Net','{\"lat\":\"31.44144364\",\"lng\":\"34.38336018\"}','Nuseirat camp 2 opposite the Agency schools', NULL, NULL,NULL, NULL, NULL,"{\"Saturday\":[\"closed\",\"closed\"],\"Sunday\":[\"closed\",\"closed\"],\"Monday\":[\"closed\",\"closed\"],\"Tuseday\":[\"closed\",\"closed\"],\"Wednesday\":[\"closed\",\"closed\"],\"Thursday\":[\"closed\",\"closed\"],\"Friday\":[\"closed\",\"closed\"]}",3,NULL,NULL),(1102,'Ashraf Ismail Mohamed Dabbash','resturant66x@gmail.com','$2b$10$wGdrNGq21u3TWiQXf7L50uDySeab9lh/hK9As28VtWU4Xz4Css7QK',2,NULL,8880667,'Sana iPhone','{\"lat\":\"31.5036356\",\"lng\":\"34.4331438\"}','Tel El Hawa Barcelona', NULL, NULL,NULL, NULL, NULL,"{\"Saturday\":[\"closed\",\"closed\"],\"Sunday\":[\"closed\",\"closed\"],\"Monday\":[\"closed\",\"closed\"],\"Tuseday\":[\"closed\",\"closed\"],\"Wednesday\":[\"closed\",\"closed\"],\"Thursday\":[\"closed\",\"closed\"],\"Friday\":[\"closed\",\"closed\"]}",3,NULL,NULL),(1103,'Muhammad Al-Bahtimi','resturant68x@gmail.com','$2b$10$.RyOGRW0p5hCeyqqHnp2.ecg3OHPJY5JuroD92YhSzP2NBK1p5afq',2,NULL,8636718,'Sundus _Mohammed Al-Bahtimi','{\"lat\":\"31.5035879\",\"lng\":\"34.4606132\"}','Gaza in front of the Shamaa Mosque', NULL, NULL,NULL, NULL, NULL,"{\"Saturday\":[\"closed\",\"closed\"],\"Sunday\":[\"closed\",\"closed\"],\"Monday\":[\"closed\",\"closed\"],\"Tuseday\":[\"closed\",\"closed\"],\"Wednesday\":[\"closed\",\"closed\"],\"Thursday\":[\"closed\",\"closed\"],\"Friday\":[\"closed\",\"closed\"]}",3,NULL,NULL),(1104,'Salama Saeed Kashkou','resturant69x@gmail.com','$2b$10$6WrUwcwX0jGTbzgrIDlQkek4kFTJzr6v/dBJTIC8HkW7X4e2/Li8i',2,NULL,7462574,'Sundus Market','{\"lat\":\"31.4854415\",\"lng\":\"34.4477548\"}','Saladin olive', NULL, NULL,NULL, NULL, NULL,"{\"Saturday\":[\"closed\",\"closed\"],\"Sunday\":[\"closed\",\"closed\"],\"Monday\":[\"closed\",\"closed\"],\"Tuseday\":[\"closed\",\"closed\"],\"Wednesday\":[\"closed\",\"closed\"],\"Thursday\":[\"closed\",\"closed\"],\"Friday\":[\"closed\",\"closed\"]}",3,NULL,NULL),(1105,'Khalil Abu Al-Aish','resturant70x@gmail.com','$2b$10$nIOFNqftZnL/jE9lyePSH.3dUuY4E5Qx8fizUdKps.D7BKNR8ADHS',2,NULL,7236746,'Abu Al-Aish supermarket','{\"lat\":\"31.5390177\",\"lng\":\"34.5086084\"}','Zayed Roundabout Beit Lahia', NULL, NULL,NULL, NULL, NULL,"{\"Saturday\":[\"closed\",\"closed\"],\"Sunday\":[\"closed\",\"closed\"],\"Monday\":[\"closed\",\"closed\"],\"Tuseday\":[\"closed\",\"closed\"],\"Wednesday\":[\"closed\",\"closed\"],\"Thursday\":[\"closed\",\"closed\"],\"Friday\":[\"closed\",\"closed\"]}",3,NULL,NULL),(1106,'Mahmoud Masoud fourth Friday','resturant71x@gmail.com','$2b$10$jVa6GMB4yciaI04/zGTY/u.w/P.7aD7k.n0/FmVeMeZmP8IamFZcO',2,NULL,8641085,'A fourth supermarket','{\"lat\":\"31.5320283\",\"lng\":\"34.4983198\"}','Beach Camp - near Al-Sousi Mosque - opposite the family pharmacy', NULL, NULL,NULL, NULL, NULL,"{\"Saturday\":[\"closed\",\"closed\"],\"Sunday\":[\"closed\",\"closed\"],\"Monday\":[\"closed\",\"closed\"],\"Tuseday\":[\"closed\",\"closed\"],\"Wednesday\":[\"closed\",\"closed\"],\"Thursday\":[\"closed\",\"closed\"],\"Friday\":[\"closed\",\"closed\"]}",3,NULL,NULL),(1107,'# N / A','resturant73x@gmail.com','$2b$10$sbC.okkFGtLAZmo/jaz8KOVCpHYF2anics15Rvzum.yRnHwnczSka',2,NULL,0,'Sonesta Communications','{\"lat\":\"31.44643868\",\"lng\":\"34.39418233\"}','# N / A', NULL, NULL,NULL, NULL, NULL,"{\"Saturday\":[\"closed\",\"closed\"],\"Sunday\":[\"closed\",\"closed\"],\"Monday\":[\"closed\",\"closed\"],\"Tuseday\":[\"closed\",\"closed\"],\"Wednesday\":[\"closed\",\"closed\"],\"Thursday\":[\"closed\",\"closed\"],\"Friday\":[\"closed\",\"closed\"]}",3,NULL,NULL),(1108,'Saif Al-Din Abovol','resturant74x@gmail.com','$2b$10$U7pQkHQIqCNbVbkP2miz3e4ABPvvHUHOIlmj.Pe2g0omgPYJRlOuK',2,NULL,599400922,'Saif Communications - Saifuddin Abu Fol','{\"lat\":\"31.5091839\",\"lng\":\"34.4648276\"}','Gaza, Jaffa Street', NULL, NULL,NULL, NULL, NULL,"{\"Saturday\":[\"closed\",\"closed\"],\"Sunday\":[\"closed\",\"closed\"],\"Monday\":[\"closed\",\"closed\"],\"Tuseday\":[\"closed\",\"closed\"],\"Wednesday\":[\"closed\",\"closed\"],\"Thursday\":[\"closed\",\"closed\"],\"Friday\":[\"closed\",\"closed\"]}",3,NULL,NULL),(1109,'Mahmoud Nabil Shaban Shamiya','resturant75x@gmail.com','$2b$10$fSFAo2v.IZ2NnHprCUsC6u5OYjvXnkQgOKZSjlBjCixtLO9ODNe2q',2,NULL,7230450,'Shamia for mobiles','{\"lat\":\"31.5334408\",\"lng\":\"34.4682097\"}','Sheikh Radwan', NULL, NULL,NULL, NULL, NULL,"{\"Saturday\":[\"closed\",\"closed\"],\"Sunday\":[\"closed\",\"closed\"],\"Monday\":[\"closed\",\"closed\"],\"Tuseday\":[\"closed\",\"closed\"],\"Wednesday\":[\"closed\",\"closed\"],\"Thursday\":[\"closed\",\"closed\"],\"Friday\":[\"closed\",\"closed\"]}",3,NULL,NULL),(1110,'Age is thin','resturant77x@gmail.com','$2b$10$cEGL7SawVofIVm1p1A5aQuM28lQd2x5K4irmNaQAdjVQlP7JPEf7y',2,NULL,597250788,'Erqeq Company for Hajj and Umrah','{\"lat\":\"31.5030428\",\"lng\":\"34.4686548\"}','Shejaiya / Salah El-Din St.', NULL, NULL,NULL, NULL, NULL,"{\"Saturday\":[\"closed\",\"closed\"],\"Sunday\":[\"closed\",\"closed\"],\"Monday\":[\"closed\",\"closed\"],\"Tuseday\":[\"closed\",\"closed\"],\"Wednesday\":[\"closed\",\"closed\"],\"Thursday\":[\"closed\",\"closed\"],\"Friday\":[\"closed\",\"closed\"]}",3,NULL,NULL),(1111,'Mohammed Abu Sobha','resturant78x@gmail.com','$2b$10$fV9jXvvv3rly/7bDJ77Wm.pFbtPvboNYDz.L/L.e5bWU2X9vzY/ye',2,NULL,9444558,'Azad General Trading Company','{\"lat\":\"31.3239602\",\"lng\":\"34.3478257\"}','Khan Younis Abasan Al Kabeer Schools Street', NULL, NULL,NULL, NULL, NULL,"{\"Saturday\":[\"closed\",\"closed\"],\"Sunday\":[\"closed\",\"closed\"],\"Monday\":[\"closed\",\"closed\"],\"Tuseday\":[\"closed\",\"closed\"],\"Wednesday\":[\"closed\",\"closed\"],\"Thursday\":[\"closed\",\"closed\"],\"Friday\":[\"closed\",\"closed\"]}",3,NULL,NULL),(1112,'a certain','resturant79x@gmail.com','$2b$10$QoZQsWw3JZDu1VCkGweRz.1Z.LZvR/5di29O2Ve7OXSzq/jzfLkgq',2,NULL,568755287,'Haji Ibrahim Al-Yazji Company','{\"lat\":\"31.504591\",\"lng\":\"34.4656404\"}','Al-Wehda Street in front of Al-Zahra School / Al-Yazeeb Library', NULL, NULL,NULL, NULL, NULL,"{\"Saturday\":[\"closed\",\"closed\"],\"Sunday\":[\"closed\",\"closed\"],\"Monday\":[\"closed\",\"closed\"],\"Tuseday\":[\"closed\",\"closed\"],\"Wednesday\":[\"closed\",\"closed\"],\"Thursday\":[\"closed\",\"closed\"],\"Friday\":[\"closed\",\"closed\"]}",3,NULL,NULL),(1113,'Wasim Abdul Karim Ibrahim Al-Helo','resturant80x@gmail.com','$2b$10$aOHAErD7liWcQqNQ88n5zOVEGgbJN3RXDzuxbRg6Geu89T.M6zrri',2,NULL,595111880,'Engineer Wasim Helou Company','{\"lat\":\"31.5122754\",\"lng\":\"34.4355147\"}','Al-Azhar next to Fares station', NULL, NULL,NULL, NULL, NULL,"{\"Saturday\":[\"closed\",\"closed\"],\"Sunday\":[\"closed\",\"closed\"],\"Monday\":[\"closed\",\"closed\"],\"Tuseday\":[\"closed\",\"closed\"],\"Wednesday\":[\"closed\",\"closed\"],\"Thursday\":[\"closed\",\"closed\"],\"Friday\":[\"closed\",\"closed\"]}",3,NULL,NULL),(1114,'Mohamed Ahmed Mohamed Madi','resturant81x@gmail.com','$2b$10$je2q/g8wz5bOpXP5axkkx.9/5gOOyKz/NLORsrOAuCG1XaOngJcui',2,NULL,8653738,'Taghreed General Trading and Communications Company','{\"lat\":\"31.5359362\",\"lng\":\"34.4767012\"}','Al-Saftawi', NULL, NULL,NULL, NULL, NULL,"{\"Saturday\":[\"closed\",\"closed\"],\"Sunday\":[\"closed\",\"closed\"],\"Monday\":[\"closed\",\"closed\"],\"Tuseday\":[\"closed\",\"closed\"],\"Wednesday\":[\"closed\",\"closed\"],\"Thursday\":[\"closed\",\"closed\"],\"Friday\":[\"closed\",\"closed\"]}",3,NULL,NULL),(1115,'Sami Yassin Saadi Siam','resturant82x@gmail.com','$2b$10$L0cowmjrAnQCxrb7GVyWCeT9.WncZFE3rPYgH3pmC.ScSLxqmmL4G',2,NULL,568609983,'Lava Life Company','{\"lat\":\"31.5052642\",\"lng\":\"34.4576821\"}','Gaza thirtieth near Ramzoun Asqula', NULL, NULL,NULL, NULL, NULL,"{\"Saturday\":[\"closed\",\"closed\"],\"Sunday\":[\"closed\",\"closed\"],\"Monday\":[\"closed\",\"closed\"],\"Tuseday\":[\"closed\",\"closed\"],\"Wednesday\":[\"closed\",\"closed\"],\"Thursday\":[\"closed\",\"closed\"],\"Friday\":[\"closed\",\"closed\"]}",3,NULL,NULL),(1116,'Mohammed Shafiq Al-Buhaisi','resturant83x@gmail.com','$2b$10$aCWK5pwu5YORBR9rtEI76eKm.6hHkEKhnXUn3Im6/PZLBw6mXCEQi',2,NULL,8888996,'Shafiq Mobile','{\"lat\":\"31.42027792\",\"lng\":\"34.34627076\"}','The main street in front of the mobile company', NULL, NULL,NULL, NULL, NULL,"{\"Saturday\":[\"closed\",\"closed\"],\"Sunday\":[\"closed\",\"closed\"],\"Monday\":[\"closed\",\"closed\"],\"Tuseday\":[\"closed\",\"closed\"],\"Wednesday\":[\"closed\",\"closed\"],\"Thursday\":[\"closed\",\"closed\"],\"Friday\":[\"closed\",\"closed\"]}",3,NULL,NULL),(1117,'Mohamed Awad','resturant84x@gmail.com','$2b$10$RK84QmfMeZHZCUrFMvpShexbYPt5GDJBkNjBoDtqy.ZF32kmUHq32',2,NULL,8999228,'Shams Mobile_Mohammed Awad','{\"lat\":\"31.3075538\",\"lng\":\"34.2449911\"}','Rafah - Tal Al Sultan - Al Awal Street next to the Emirates Hospital', NULL, NULL,NULL, NULL, NULL,"{\"Saturday\":[\"closed\",\"closed\"],\"Sunday\":[\"closed\",\"closed\"],\"Monday\":[\"closed\",\"closed\"],\"Tuseday\":[\"closed\",\"closed\"],\"Wednesday\":[\"closed\",\"closed\"],\"Thursday\":[\"closed\",\"closed\"],\"Friday\":[\"closed\",\"closed\"]}",3,NULL,NULL),(1118,'Emad Rushdi Mustafa Al-Heiqi','resturant85x@gmail.com','$2b$10$v4uNU.S5l00MKfiPNLxsROcyz58XtTnDLh9AsQJ0Zy6Ljx1T2BxYK',2,NULL,7703600,'Salah Al-Din_Imad Al-Heiqi','{\"lat\":\"31.4968215\",\"lng\":\"34.457923\"}','Saladin olive', NULL, NULL,NULL, NULL, NULL,"{\"Saturday\":[\"closed\",\"closed\"],\"Sunday\":[\"closed\",\"closed\"],\"Monday\":[\"closed\",\"closed\"],\"Tuseday\":[\"closed\",\"closed\"],\"Wednesday\":[\"closed\",\"closed\"],\"Thursday\":[\"closed\",\"closed\"],\"Friday\":[\"closed\",\"closed\"]}",3,NULL,NULL),(1119,'Adham fasting','resturant86x@gmail.com','$2b$10$MbLci.05ebi3.mVHXjrghOryEPd.rjQ.6UF27ZvWy2/ClSuQeEZ0q',2,NULL,8389502,'Fasting for mobile devices - break the fast','{\"lat\":\"31.44552173\",\"lng\":\"34.38766813\"}','Nuseirat opposite the new market', NULL, NULL,NULL, NULL, NULL,"{\"Saturday\":[\"closed\",\"closed\"],\"Sunday\":[\"closed\",\"closed\"],\"Monday\":[\"closed\",\"closed\"],\"Tuseday\":[\"closed\",\"closed\"],\"Wednesday\":[\"closed\",\"closed\"],\"Thursday\":[\"closed\",\"closed\"],\"Friday\":[\"closed\",\"closed\"]}",3,NULL,NULL),(1120,'Abdul Karim Jamal Nassar fasting','resturant87x@gmail.com','$2b$10$f/AN1BNwJn5jcVM.r5Qqre8SKbvrH.qvWvxY/mI7oa6vW0LCEj7NG',2,NULL,7666530,'Siam Market iPhone','{\"lat\":\"31.4942475\",\"lng\":\"34.4574531\"}','Kashku Street next to Habib ice cream', NULL, NULL,NULL, NULL, NULL,"{\"Saturday\":[\"closed\",\"closed\"],\"Sunday\":[\"closed\",\"closed\"],\"Monday\":[\"closed\",\"closed\"],\"Tuseday\":[\"closed\",\"closed\"],\"Wednesday\":[\"closed\",\"closed\"],\"Thursday\":[\"closed\",\"closed\"],\"Friday\":[\"closed\",\"closed\"]}",3,NULL,NULL),(1121,'Aziz Daban','resturant88x@gmail.com','$2b$10$HZSaGuKksfvWDhYjIcg0NOMVxZLpWmDTvD6NfiQwPORAhTRzzn/22',2,NULL,8646331,'Daban Tek Aziz Daban','{\"lat\":\"31.499247\",\"lng\":\"34.4368077\"}','Street 8 Entrance to Youth Community College', NULL, NULL,NULL, NULL, NULL,"{\"Saturday\":[\"closed\",\"closed\"],\"Sunday\":[\"closed\",\"closed\"],\"Monday\":[\"closed\",\"closed\"],\"Tuseday\":[\"closed\",\"closed\"],\"Wednesday\":[\"closed\",\"closed\"],\"Thursday\":[\"closed\",\"closed\"],\"Friday\":[\"closed\",\"closed\"]}",3,NULL,NULL),(1122,'Darwish Hamid Daban','resturant89x@gmail.com','$2b$10$M6C5GUD3ygi1YY27C1DHDueXupbFFkvxDMVygIU7OiyG2XWxpyYkq',2,NULL,8750503,'Daban Center','{\"lat\":\"31.5070858\",\"lng\":\"34.4632235\"}','Gaza station Jabalia', NULL, NULL,NULL, NULL, NULL,"{\"Saturday\":[\"closed\",\"closed\"],\"Sunday\":[\"closed\",\"closed\"],\"Monday\":[\"closed\",\"closed\"],\"Tuseday\":[\"closed\",\"closed\"],\"Wednesday\":[\"closed\",\"closed\"],\"Thursday\":[\"closed\",\"closed\"],\"Friday\":[\"closed\",\"closed\"]}",3,NULL,NULL),(1123,'Tafesh Telecom','resturant90x@gmail.com','$2b$10$fSNYSK/XZUqDPqQaejm3v.1NiONiR0b0xSSOVlXLU0dtgpy53fC0a',2,NULL,595316166,'Tafesh Telecom','{\"lat\":\"31.5312547\",\"lng\":\"34.4943334\"}','For postage', NULL, NULL,NULL, NULL, NULL,"{\"Saturday\":[\"closed\",\"closed\"],\"Sunday\":[\"closed\",\"closed\"],\"Monday\":[\"closed\",\"closed\"],\"Tuseday\":[\"closed\",\"closed\"],\"Wednesday\":[\"closed\",\"closed\"],\"Thursday\":[\"closed\",\"closed\"],\"Friday\":[\"closed\",\"closed\"]}",3,NULL,NULL),(1124,'Fadi Muhammad Abdul Karim Abu Odeh','resturant91x@gmail.com','$2b$10$151VLb7XkIJt3JX3NL69ZeKp2JFe995bk4DCErkmO1K0DK.bvt27m',2,NULL,8688263,'Taiba Telecom _ Fadi Abu Odeh','{\"lat\":\"31.5387099\",\"lng\":\"34.5377532\"}','Central Market', NULL, NULL,NULL, NULL, NULL,"{\"Saturday\":[\"closed\",\"closed\"],\"Sunday\":[\"closed\",\"closed\"],\"Monday\":[\"closed\",\"closed\"],\"Tuseday\":[\"closed\",\"closed\"],\"Wednesday\":[\"closed\",\"closed\"],\"Thursday\":[\"closed\",\"closed\"],\"Friday\":[\"closed\",\"closed\"]}",3,NULL,NULL),(1125,'Hammam Abdul Karim Musa Abu Shaban','resturant92x@gmail.com','$2b$10$v/YV6LSVbpUlC.GX9CiAHuCDKYT/rdD9NNaH.r.7zw48rSQnqCwlW',2,NULL,592442131,'Mobile world','{\"lat\":\"31.5131943\",\"lng\":\"34.452063\"}','Omar Al-Mukhtar Street, in front of Abu Khadra', NULL, NULL,NULL, NULL, NULL,"{\"Saturday\":[\"closed\",\"closed\"],\"Sunday\":[\"closed\",\"closed\"],\"Monday\":[\"closed\",\"closed\"],\"Tuseday\":[\"closed\",\"closed\"],\"Wednesday\":[\"closed\",\"closed\"],\"Thursday\":[\"closed\",\"closed\"],\"Friday\":[\"closed\",\"closed\"]}",3,NULL,NULL),(1126,'Abdullah Maher Zaki Ashour','resturant94x@gmail.com','$2b$10$qaPa.H1XDPKxM.6YwaJyJOOIzSNdxjbhX.X/9RM7Cf6dpEVJZg5gW',2,NULL,8643214,'Abboud Mobile _ Abdullah Ashour','{\"lat\":\"31.5309335\",\"lng\":\"34.4523345\"}','Nasr opposite Abu Halima station', NULL, NULL,NULL, NULL, NULL,"{\"Saturday\":[\"closed\",\"closed\"],\"Sunday\":[\"closed\",\"closed\"],\"Monday\":[\"closed\",\"closed\"],\"Tuseday\":[\"closed\",\"closed\"],\"Wednesday\":[\"closed\",\"closed\"],\"Thursday\":[\"closed\",\"closed\"],\"Friday\":[\"closed\",\"closed\"]}",3,NULL,NULL),(1127,'Abdul Mahmoud Al-Qouqa','resturant95x@gmail.com','$2b$10$x1tn8CG0.4Ivus3sJV1Av.fgdSBhxOc.NyRIwc29478ZNL/OignB.',2,NULL,568888129,'Ubaidah iPhone','{\"lat\":\"31.5371183\",\"lng\":\"34.4498543\"}','Beach camp in front of Abu Asi school', NULL, NULL,NULL, NULL, NULL,"{\"Saturday\":[\"closed\",\"closed\"],\"Sunday\":[\"closed\",\"closed\"],\"Monday\":[\"closed\",\"closed\"],\"Tuseday\":[\"closed\",\"closed\"],\"Wednesday\":[\"closed\",\"closed\"],\"Thursday\":[\"closed\",\"closed\"],\"Friday\":[\"closed\",\"closed\"]}",3,NULL,NULL),(1128,'Fares fasting','resturant96x@gmail.com','$2b$10$aN/TtllJnFLFWQCF5csz4ecLtlxwSAGDLfCZNykJmQYY3SofRcapq',2,NULL,567866625,'Adi Vaughn','{\"lat\":\"31.505487\",\"lng\":\"34.4544983\"}','Gaza olive', NULL, NULL,NULL, NULL, NULL,"{\"Saturday\":[\"closed\",\"closed\"],\"Sunday\":[\"closed\",\"closed\"],\"Monday\":[\"closed\",\"closed\"],\"Tuseday\":[\"closed\",\"closed\"],\"Wednesday\":[\"closed\",\"closed\"],\"Thursday\":[\"closed\",\"closed\"],\"Friday\":[\"closed\",\"closed\"]}",3,NULL,NULL),(1129,'Improving Abu Shanab','resturant97x@gmail.com','$2b$10$vOX5vQ8GGEQMQSO4Ys6fYuewgznA11nR2uhCte.EvZQvuM3fM9yEO',2,NULL,8646002,'Arab Phone Communications','{\"lat\":\"31.535494\",\"lng\":\"34.452443\"}','Gaza - Al-Nasr - the end of Al-Quds Open University Street in the west - opposite Al-Malsh Tower 19 - next to Al-Malak Pharmacy', NULL, NULL,NULL, NULL, NULL,"{\"Saturday\":[\"closed\",\"closed\"],\"Sunday\":[\"closed\",\"closed\"],\"Monday\":[\"closed\",\"closed\"],\"Tuseday\":[\"closed\",\"closed\"],\"Wednesday\":[\"closed\",\"closed\"],\"Thursday\":[\"closed\",\"closed\"],\"Friday\":[\"closed\",\"closed\"]}",3,NULL,NULL),(1130,'Ahmed Mustafa Attia Arafat','resturant98x@gmail.com','$2b$10$fx2PjL7WjHNL78VZJzek.e6LanMxd8HEPYnwXnMdOLiJC/JEanJo2',2,NULL,8785853,'Arafat Telecom and Exchange','{\"lat\":\"31.2700702\",\"lng\":\"34.2612179\"}','Rafah, peace district', NULL, NULL,NULL, NULL, NULL,"{\"Saturday\":[\"closed\",\"closed\"],\"Sunday\":[\"closed\",\"closed\"],\"Monday\":[\"closed\",\"closed\"],\"Tuseday\":[\"closed\",\"closed\"],\"Wednesday\":[\"closed\",\"closed\"],\"Thursday\":[\"closed\",\"closed\"],\"Friday\":[\"closed\",\"closed\"]}",3,NULL,NULL),(1131,'Muhammad Azzam al-Othmani','resturant99x@gmail.com','$2b$10$Udw/sRKYkyCeAvaoxxIwxOvQiybWiGbqz1cZFV4V6pZKgHNNYHxVu',2,NULL,8627480,'Azamko Phone _ Muhammad Azzam Al-Othmani','{\"lat\":\"31.5388187\",\"lng\":\"34.538148\"}','Beit Hanoun - Main Street - opposite a government clinic', NULL, NULL,NULL, NULL, NULL,"{\"Saturday\":[\"closed\",\"closed\"],\"Sunday\":[\"closed\",\"closed\"],\"Monday\":[\"closed\",\"closed\"],\"Tuseday\":[\"closed\",\"closed\"],\"Wednesday\":[\"closed\",\"closed\"],\"Thursday\":[\"closed\",\"closed\"],\"Friday\":[\"closed\",\"closed\"]}",3,NULL,NULL),(1132,'Fadi Azat Aql','resturant100x@gmail.com','$2b$10$o9skvfP4Y3UKuFjZ2uDLZucomlsthvhVpGDr6P/lo3qemLO1Y0T5K',2,NULL,8758861,'IPhone attribution','{\"lat\":\"31.537625\",\"lng\":\"34.5073915\"}','Beit Lahia - Sheikh Zayed Roundabout', NULL, NULL,NULL, NULL, NULL,"{\"Saturday\":[\"closed\",\"closed\"],\"Sunday\":[\"closed\",\"closed\"],\"Monday\":[\"closed\",\"closed\"],\"Tuseday\":[\"closed\",\"closed\"],\"Wednesday\":[\"closed\",\"closed\"],\"Thursday\":[\"closed\",\"closed\"],\"Friday\":[\"closed\",\"closed\"]}",3,NULL,NULL);
/*!40000 ALTER TABLE `user` ENABLE KEYS */;
UNLOCK TABLES;
/*!40103 SET TIME_ZONE=@OLD_TIME_ZONE */;

/*!40101 SET SQL_MODE=@OLD_SQL_MODE */;
/*!40014 SET FOREIGN_KEY_CHECKS=@OLD_FOREIGN_KEY_CHECKS */;
/*!40014 SET UNIQUE_CHECKS=@OLD_UNIQUE_CHECKS */;
/*!40101 SET CHARACTER_SET_CLIENT=@OLD_CHARACTER_SET_CLIENT */;
/*!40101 SET CHARACTER_SET_RESULTS=@OLD_CHARACTER_SET_RESULTS */;
/*!40101 SET COLLATION_CONNECTION=@OLD_COLLATION_CONNECTION */;
/*!40111 SET SQL_NOTES=@OLD_SQL_NOTES */;

-- Dump completed on 2020-08-11 12:01:17
